id,位置,号码,姓名,英文名,国家,俱乐部,年龄,生日,身高,体重,惯用脚,综合能力,速度,力量,防守,盘带,传球,射门
50098547,后卫,3,库捷波夫,Ilya Kutepov,俄罗斯,莫斯科斯巴达,24,1993-07-29,192,85,右脚,68,42,73,68,44,52,46
50057645,后卫,2,马里奥-费尔南德斯,Mario Fernandes,俄罗斯,莫斯科中央陆军,27,1990-09-19,189,77,右脚,80,81,77,79,73,72,60
50053715,后卫,5,谢苗诺夫,A. Semenov,俄罗斯,格罗兹尼艾卡马特,29,1989-03-24,190,86,右脚,74,53,74,75,59,57,40
50019194,后卫,23,斯莫尔尼科夫,Igor Smolnikov,俄罗斯,泽尼特,29,1988-08-08,178,70,右脚,81,87,75,78,73,75,61
50005204,后卫,14,格拉纳特,Granat,俄罗斯,喀山红宝石,31,1987-05-22,184,78,,72,49,70,74,52,61,53
50005175,后卫,4,伊格纳舍维奇,Sergei Ignashevich,俄罗斯,莫斯科中央陆军,38,1979-07-14,187,84,右脚,77,39,76,82,51,61,60
50005161,后卫,13,库德里亚绍夫,Kudryashov,俄罗斯,喀山红宝石,31,1987-04-05,184,78,左脚,72,72,72,70,65,62,42
50205236,中场,16,安东-米兰丘克,Anton Miranchuk,俄罗斯,莫斯科火车头,22,1995-10-17,183,72,右脚,,,,,,,
50188059,中场,15,阿列克谢-米兰丘克,Aleksey Miranchuk,俄罗斯,莫斯科火车头,22,1995-10-17,182,67,左脚,73,76,60,29,73,69,68
50185839,中场,17,戈洛温,Aleksandr Golovin,俄罗斯,莫斯科中央陆军,22,1996-05-30,180,69,右脚,72,76,60,64,73,70,67
50163491,中场,7,库兹亚耶夫,Daler Kuzyaev,俄罗斯,泽尼特,25,1993-01-15,182,72,右脚,69,74,72,64,72,66,58
50104360,中场,11,佐布宁 ,Roman Zobnin,俄罗斯,莫斯科斯巴达,24,1994-02-11,184,74,右脚,69,67,66,65,72,61,47
50095408,中场,6,切里舍夫,Denis Cheryshev,俄罗斯,比利亚雷亚尔,27,1990-12-26,179,74,左脚,79,83,71,56,79,76,74
50080367,中场,8,加辛斯基,Gazinskiy,俄罗斯,克拉斯诺达尔,28,1989-07-20,184,75,右脚,75,66,72,73,68,66,55
50028414,中场,21,叶罗欣,Aleksandr Erokhin,俄罗斯,泽尼特,28,1989-10-13,195,79,右脚,73,69,74,56,70,69,74
50023701,中场,9,扎戈耶夫,Alan Dzagoev,俄罗斯,莫斯科中央陆军,27,1990-06-17,179,70,右脚,81,76,73,71,78,78,74
50005237,中场,19,萨梅多夫,Aleksandr Samedov,俄罗斯,莫斯科斯巴达,33,1984-07-19,177,75,右脚,79,80,72,50,77,79,73
50003674,中场,18,日尔科夫,Yuri Zhirkov,俄罗斯,泽尼特,34,1983-08-20,180,75,左脚,77,77,73,71,79,76,69
50050884,前锋,22,久巴,Artem Dzyuba,俄罗斯,图拉兵工厂,29,1988-08-22,196,91,右脚,79,71,85,30,70,67,75
50005222,前锋,10,斯莫洛夫,Smolov,俄罗斯,克拉斯诺达尔,28,1990-02-09,187,80,右脚,80,85,73,32,76,70,80
50245424,后卫,4,阿里-阿布莱希,Ali Albulayhi,沙特阿拉伯,利雅得新月,28,1989-11-21,184,79,右脚,,,,,,,
50208460,后卫,6,穆罕默德-布莱克,Mohammed Al-Burayk,沙特阿拉伯,利雅得新月,25,1992-09-15,173,85,左右脚,,,,,,,
50126752,后卫,23,莫塔兹-豪萨维,Motaz Hawsawi,沙特阿拉伯,吉达国民,26,1992-02-17,179,77,右脚,,,,,,,
50112910,后卫,5,奥马尔-豪萨维,Omar Hawsawi,沙特阿拉伯,利雅得胜利,32,1985-09-27,184,74,左右脚,,,,,,,
50107179,后卫,13,亚西尔-沙赫拉尼,Yasir Al Shahrani,沙特阿拉伯,利雅得新月,25,1992-10-10,171,62,左右脚,,,,,,,
50047465,后卫,2,曼苏尔-哈尔比,Mansour Al Harbi,沙特阿拉伯,吉达国民,30,1987-10-19,170,65,左脚,,,,,,,
50008210,后卫,3,奥萨马-豪萨维,Osama Hawsawi,沙特阿拉伯,利雅得新月,34,1984-03-31,187,80,,,,,,,,
50352834,中场,15,阿卜杜拉-海巴里,Abdullah Alkhaibari,沙特阿拉伯,利雅得青年,21,1996-08-16,175,66,右脚,,,,,,,
50202275,中场,12,穆罕默德-卡努,Mohammed Kanno,沙特阿拉伯,利雅得新月,23,1994-09-22,190,67,右脚,,,,,,,
50126749,中场,14,阿卜杜拉-奥泰夫,Abdullah Otayf,沙特阿拉伯,利雅得新月,25,1992-08-03,177,68,左右脚,,,,,,,
50126740,中场,18,萨勒姆-达瓦萨里,Salem Al Dawsari,沙特阿拉伯,比利亚雷亚尔,26,1991-08-19,171,72,右脚,,,,,,,
50115524,中场,9,哈坦-巴卜希尔,Hattan Babhir,沙特阿拉伯,利雅得青年,25,1992-07-16,170,63,右脚,,,,,,,
50094394,中场,16,侯赛因-莫加维,Hussain Al Mogahwi,沙特阿拉伯,吉达国民,30,1988-03-24,173,64,右脚,,,,,,,
50084670,中场,7,萨尔曼-法拉吉,Salman Al Faraj,沙特阿拉伯,利雅得新月,28,1989-08-01,175,69,左右脚,,,,,,,
50067250,中场,8,叶海亚-谢赫里,Yehya Al Shehri,沙特阿拉伯,莱加内斯,27,1990-06-26,164,60,左脚,,,,,,,
50047472,中场,11,阿卜杜勒马莱克-哈伊里,Abdulmalek Al Khaibri,沙特阿拉伯,利雅得新月,32,1986-03-13,175,72,左右脚,,,,,,,
50008220,中场,17,泰希尔-亚西姆,Taisir Al Jassim,沙特阿拉伯,吉达国民,33,1984-07-25,169,64,右脚,,,,,,,
50126744,前锋,19,法赫德-穆瓦拉德,Fahad Al Muwallad,沙特阿拉伯,莱万特,23,1994-09-14,167,59,右脚,,,,,,,
50075166,前锋,20,穆哈纳德-阿塞里,Mohannad Aseri,沙特阿拉伯,吉达国民,31,1986-10-14,178,69,右脚,,,,,,,
50062167,前锋,10,穆罕默德-萨赫拉维,Mohammed Al Sahlawi,沙特阿拉伯,利雅得胜利,31,1987-01-10,180,72,左右脚,,,,,,,
50209877,后卫,15,哈姆迪,Mahmoud Hamdi El Wensh,埃及,扎马莱克,23,1995-06-01,181,,右脚,,,,,,,
50091245,后卫,4,奥马尔-贾比尔,Omar Gaber,埃及,洛杉矶FC,26,1992-01-30,173,72,右脚,,,,,,,
50078107,后卫,2,贾布尔,Ali Gabr,埃及,西布朗,29,1989-01-10,193,86,右脚,,,,,,,
50078101,后卫,20,萨米尔,Saad Samir,埃及,开罗国民,29,1989-04-01,185,,右脚,,,,,,,
50067274,后卫,12,艾曼-阿什拉夫,Ayman Ashraf,埃及,开罗国民,27,1991-04-09,175,,左脚,,,,,,,
50067269,后卫,6,赫加齐,Ahmed Hegazi,埃及,西布朗,27,1991-01-25,193,88,右脚,,,,,,,
50061067,后卫,13,阿卜杜勒沙菲,Mohamed Abdul Shafy,埃及,哈萨征服,32,1985-07-01,175,71,左脚,,,,,,,
50004203,后卫,7,法特希,Ahmed Fathy,埃及,开罗国民,33,1984-11-10,175,,右脚,,,,,,,
50246327,中场,22,瓦尔达,Warda,埃及,阿特罗米托斯,24,1993-09-17,176,,右脚,,,,,,,
50162879,中场,21,特雷泽盖,Trézéguet,埃及,卡斯帕萨,23,1994-10-01,179,71,右脚,,,,,,,
50135444,中场,11,卡拉巴,Kahraba,埃及,吉达联合,24,1994-04-13,182,,右脚,,,,,,,
50100385,中场,17,埃尔内尼,Mohamed Elneny,埃及,阿森纳,25,1992-07-11,180,73,右脚,77,63,77,72,70,73,61
50065626,中场,5,穆尔西,Sam Morsy,埃及,维冈竞技,26,1991-09-10,175,79,右脚,69,67,76,61,70,64,56
50061269,中场,8,塔里克-哈米德,Tarek Hamed,埃及,扎马莱克,29,1988-10-24,165,74,右脚,,,,,,,
50024216,中场,19,阿卜杜拉-赛义德,Abdalla El Said,埃及,古比斯,32,1985-07-13,175,,右脚,,,,,,,
50024200,中场,18,希卡巴拉,Shikabala,埃及,布赖代先锋,32,1986-03-05,183,,左脚,,,,,,,
50015879,中场,3,埃尔穆哈马迪,Ahmed El Mohamady,埃及,阿斯顿维拉,30,1987-09-09,182,75,,75,78,72,69,73,73,68
50217438,前锋,14,索比,Ramadan Sobhi,埃及,斯托克城,21,1997-01-23,183,75,右脚,71,78,57,43,73,70,62
50092654,前锋,9,穆赫辛,Marwan Mohsen,埃及,开罗国民,29,1989-02-26,187,,右脚,,,,,,,
50091010,前锋,10,萨拉赫,Mohamed Salah,埃及,利物浦,25,1992-06-15,175,71,左脚,82,92,65,45,86,71,72
50169752,后卫,2,希门尼斯,José Giménez,乌拉圭,马德里竞技,23,1995-01-20,185,77,右脚,83,69,83,84,52,51,45
50122872,后卫,4,吉列尔莫-巴雷拉,Guillermo Varela,乌拉圭,佩纳罗尔,25,1993-03-24,174,70,右脚,69,81,67,67,67,56,34
50116707,后卫,13,加斯顿-席尔瓦,Silva,乌拉圭,独立,24,1994-03-05,183,74,左脚,72,67,72,73,65,62,44
50054802,后卫,19,科茨,Sebastián Coates,乌拉圭,葡萄牙体育,27,1990-10-07,196,92,右脚,79,59,84,80,53,47,35
50015279,后卫,3,戈丁,Diego Godín,乌拉圭,马德里竞技,32,1986-02-16,187,79,右脚,88,65,79,88,63,65,48
50014662,后卫,22,卡塞雷斯,Martín Cáceres,乌拉圭,拉齐奥,31,1987-04-07,180,78,右脚,80,81,74,84,66,63,51
50007893,后卫,16,马克西-佩雷拉,Maxi Pereira,乌拉圭,波尔图,33,1984-06-08,173,72,右脚,80,76,78,79,77,72,62
50233554,中场,6,本坦库尔,Rodrigo Bentancur,乌拉圭,尤文图斯,20,1997-06-25,187,72,右脚,69,65,66,55,70,66,54
50218001,中场,14,托雷拉,Lucas Torreira,乌拉圭,桑普多利亚,22,1996-02-11,168,64,右脚,71,77,68,57,75,65,52
50211493,中场,8,南德斯,N. Nández,乌拉圭,博卡青年,22,1995-12-28,175,70,右脚,,,,,,,
50159119,中场,10,德阿拉斯卡埃塔,G. De Arrascaeta,乌拉圭,克鲁塞罗,24,1994-06-01,172,67,右脚,73,72,49,44,75,74,70
50143869,中场,17,拉克索尔特,Diego Laxalt,乌拉圭,热那亚,25,1993-02-07,178,68,左脚,74,80,68,48,77,71,62
50080608,中场,15,贝西诺,Matías Vecino,乌拉圭,国际米兰,26,1991-08-24,187,81,右脚,77,69,77,70,74,74,66
50050996,中场,20,乌雷塔维斯卡亚,Urreta,乌拉圭,蒙特雷,28,1990-03-19,174,62,右脚,73,84,59,33,75,71,68
50041094,中场,5,卡洛斯-桑切斯,Carlos Sánchez,乌拉圭,蒙特雷,33,1984-12-02,176,70,右脚,,,,,,,
50007890,中场,7,克里斯蒂安-罗德里格斯,C. Rodríguez,乌拉圭,佩纳罗尔,32,1985-09-30,177,87,左脚,75,71,70,55,78,74,69
50244756,前锋,18,马克西-戈麦斯,Maxi Gómez,乌拉圭,塞尔塔,21,1996-08-14,186,91,右脚,,,,,,,
50015786,前锋,11,斯图亚尼,Cristhian Stuani,乌拉圭,赫罗纳,31,1986-10-12,186,76,右脚,72,70,80,46,69,67,72
50004786,前锋,21,卡瓦尼,Edinson Cavani,乌拉圭,巴黎圣日耳曼,31,1987-02-14,184,71,右脚,85,76,80,42,79,71,83
50002091,前锋,9,苏亚雷斯,Luis Suárez,乌拉圭,巴塞罗那,31,1987-01-24,182,86,右脚,92,82,81,42,87,79,90
50185896,后卫,13,鲁本-迪亚斯,Rúben Dias,葡萄牙,本菲卡,21,1997-05-14,186,76,右脚,,,,,,,
50146953,后卫,15,里卡多-佩雷拉,Ricardo Pereira,葡萄牙,波尔图,24,1993-10-06,175,70,右脚,80,88,68,77,81,77,60
50106545,后卫,5,格雷罗,Raphael Guerreiro,葡萄牙,多特蒙德,24,1993-12-22,170,64,左脚,80,79,62,73,83,80,72
50088283,后卫,21,塞德里克-苏亚雷斯,Cédric Soares,葡萄牙,南安普顿,26,1991-08-31,172,67,右脚,78,78,72,75,76,72,68
50088281,后卫,19,马里奥-鲁伊,Mário Rui,葡萄牙,那不勒斯,27,1991-05-27,170,67,左脚,78,86,70,73,77,70,49
50012085,后卫,6,若泽-丰特,José Fonte,葡萄牙,大连一方,34,1983-12-22,187,81,右脚,82,54,79,84,62,52,35
50003670,后卫,2,布鲁诺-阿尔维斯,Bruno Alves,葡萄牙,流浪者,36,1981-11-27,187,83,右脚,79,58,84,77,68,67,69
50003669,后卫,3,佩佩,Pepe,葡萄牙,贝西克塔斯,35,1983-02-26,188,81,右脚,88,71,81,87,61,57,51
50191288,中场,11,贝尔纳多-席尔瓦,Bernardo Silva,葡萄牙,曼城,23,1994-08-10,173,64,左脚,83,79,61,45,86,80,72
50177118,中场,16,布鲁诺-费尔南德斯,Bruno Fernandes,葡萄牙,葡萄牙体育,23,1994-09-08,179,69,右脚,,,,,,,
50173688,中场,17,格德斯,Gonçalo Guedes,葡萄牙,瓦伦西亚,21,1996-11-29,179,68,右脚,77,87,64,35,77,70,76
50138668,中场,10,若昂-马里奥,João Mário,葡萄牙,西汉姆联,25,1993-01-19,179,73,右脚,83,76,72,70,83,80,73
50103754,中场,14,威廉-卡瓦略,William Carvalho,葡萄牙,葡萄牙体育,26,1992-04-07,187,83,右脚,83,53,83,80,74,75,59
50012766,中场,8,穆蒂尼奥,João Moutinho,葡萄牙,摩纳哥,31,1986-09-08,170,61,右脚,83,71,71,71,82,83,76
50012758,中场,23,阿德里安-席尔瓦,Adrien Silva,葡萄牙,莱斯特城,29,1989-03-15,175,69,右脚,82,60,67,76,80,82,76
50004180,中场,4,曼努埃尔-费尔南德斯,Manuel Fernandes,葡萄牙,莫斯科火车头,32,1986-02-05,176,75,右脚,79,79,70,67,82,79,75
50003667,中场,20,夸雷斯马,Ricardo Quaresma,葡萄牙,贝西克塔斯,34,1983-09-26,175,67,右脚,83,84,60,18,88,81,76
50168684,前锋,18,热尔松-马丁斯,Gelson Martins,葡萄牙,葡萄牙体育,23,1995-05-11,173,65,右脚,81,93,58,38,85,72,71
50137195,前锋,9,安德烈-席尔瓦,André Silva,葡萄牙,AC米兰,22,1995-11-06,184,78,右脚,78,82,79,44,77,62,74
50000356,前锋,7,C罗,Cristiano Ronaldo,葡萄牙,皇家马德里,33,1985-02-05,185,80,右脚,94,92,80,33,91,81,92
50199808,后卫,12,奥德里奥索拉,Álvaro Odriozola,西班牙,皇家社会,22,1995-12-14,175,66,右脚,,,,,,,
50095378,后卫,2,卡瓦哈尔,Daniel Carvajal,西班牙,皇家马德里,26,1992-01-11,173,73,右脚,84,82,79,81,79,72,45
50095372,后卫,4,纳乔,Nacho,西班牙,皇家马德里,28,1990-01-18,179,75,右脚,73,87,70,68,70,62,56
50043651,后卫,18,阿尔巴,Jordi Alba,西班牙,巴塞罗那,29,1989-03-21,170,68,左脚,86,93,75,81,83,75,69
50013946,后卫,14,阿斯皮利奎塔,César Azpilicueta,西班牙,切尔西,28,1989-08-28,178,76,右脚,84,79,77,84,74,75,56
50007985,后卫,3,皮克,Gerard Piqué,西班牙,巴塞罗那,31,1987-02-02,194,85,右脚,87,65,77,86,65,69,61
50003028,后卫,16,蒙雷亚尔,Nacho Monreal,西班牙,阿森纳,32,1986-02-26,179,72,左脚,81,77,73,81,75,72,53
50000300,后卫,15,拉莫斯,Sergio Ramos,西班牙,皇家马德里,32,1986-03-30,183,75,右脚,89,78,83,87,71,70,63
50204954,中场,20,阿森西奥,Marco Asensio,西班牙,皇家马德里,22,1996-01-21,180,75,左脚,82,79,61,41,82,83,73
50131972,中场,11,巴斯克斯,Lucas Vázquez,西班牙,皇家马德里,26,1991-07-01,173,70,右脚,82,82,67,39,82,81,74
50100193,中场,8,科克,Koke,西班牙,马德里竞技,26,1992-01-08,177,73,右脚,84,71,75,63,82,86,75
50099156,中场,7,萨乌尔,Saúl Ñíguez,西班牙,马德里竞技,23,1994-11-21,184,76,左脚,80,73,75,77,80,77,65
50069832,中场,22,伊斯科,Isco,西班牙,皇家马德里,26,1992-04-21,176,74,右脚,87,72,62,51,89,82,79
50055555,中场,10,蒂亚戈,Thiago Alcântara,西班牙,拜仁慕尼黑,27,1991-04-11,174,70,右脚,86,72,63,61,90,84,75
50043882,中场,5,布斯克茨,Sergio Busquets,西班牙,巴塞罗那,29,1988-07-16,189,76,右脚,87,42,81,83,74,79,59
50002778,中场,21,席尔瓦,David Silva,西班牙,曼城,32,1986-01-08,173,67,左脚,87,68,59,32,87,87,72
50000303,中场,6,伊涅斯塔,Andrés Iniesta,西班牙,神户胜利船,34,1984-05-11,171,68,右脚,88,73,60,59,90,87,72
50078719,前锋,9,罗德里戈,Rodrigo Moreno,西班牙,瓦伦西亚,27,1991-03-06,182,77,左脚,78,84,62,32,79,70,76
50044324,前锋,17,阿斯帕斯,Iago Aspas,西班牙,塞尔塔,30,1987-08-01,176,67,左脚,83,83,64,29,85,73,82
50043717,前锋,19,迭戈-科斯塔,Diego Costa,西班牙,马德里竞技,29,1988-10-07,188,83,右脚,85,75,88,40,77,63,82
50258924,后卫,3,哈姆扎-门德里,Hamza Mendyl,摩洛哥,里尔,20,1997-10-21,179,73,左脚,,,,,,,
50248003,后卫,2,阿什拉夫,Achraf Hakimi,摩洛哥,皇家马德里,19,1998-11-04,179,68,右脚,71,79,70,64,70,65,59
50135340,后卫,,埃尔哈亚姆,Oualid El Hajjam,摩洛哥,亚眠,27,1991-02-19,181,73,右脚,,,,,,,
50010479,后卫,5,贝纳蒂亚,Medhi Benatia,摩洛哥,尤文图斯,31,1987-04-17,189,94,右脚,83,67,81,83,61,54,44
50002180,后卫,4,曼努埃尔-达科斯塔,Manuel da Costa,摩洛哥,伊斯坦布尔,32,1986-05-06,190,80,右脚,,,,,,,
50238388,中场,18,阿明-阿里,Amine Harit,摩洛哥,沙尔克04,20,1997-06-18,179,67,右脚,69,73,41,34,74,66,58
50206099,中场,15,贝纳赛尔,Youssef Aït Bennasser,摩洛哥,卡昂,21,1996-07-07,184,75,右脚,71,74,60,59,75,70,56
50203975,中场,21,索菲扬-阿姆拉巴特,Sofyan Amrabat,摩洛哥,费耶诺德,21,1996-08-21,182,70,右脚,66,69,66,54,73,67,45
50164600,中场,7,齐耶赫,H. Ziyech,摩洛哥,阿贾克斯,25,1993-03-19,180,65,左脚,81,73,65,46,80,82,77
50135980,中场,6,赛斯,Romain Saiss,摩洛哥,狼队,28,1990-03-26,190,80,,77,70,73,77,71,64,53
50061438,中场,10,贝尔汉达,Belhanda,摩洛哥,加拉塔萨雷,28,1990-02-25,177,78,右脚,79,71,66,56,82,80,74
50061191,中场,11,费萨尔-法伊尔,Faycal Fajr,摩洛哥,赫塔费,29,1988-08-01,178,72,右脚,77,68,68,48,77,79,72
50038213,中场,23,卡塞拉,Mehdi Carcela-González,摩洛哥,标准列日,28,1989-07-01,176,67,左脚,78,84,53,33,85,71,71
50010212,中场,17,迪拉尔,Dirar,摩洛哥,费内巴切,32,1986-02-25,187,82,,76,82,73,40,79,73,66
50009789,中场,14,布苏法,Mbark Boussoufa,摩洛哥,阿布扎比半岛,33,1984-08-15,168,61,右脚,79,79,54,42,83,80,73
50002255,中场,8,艾哈迈迪,Karim El Ahmadi,摩洛哥,费耶诺德,33,1985-01-27,179,78,右脚,75,66,74,60,75,73,60
50434761,前锋,9,卡比,A. El Kaabi,摩洛哥,,24,1993-06-26,,,右脚,,,,,,,
50267395,前锋,19,恩-内斯里,Youssef En-Nesyri,摩洛哥,马拉加,21,1997-06-01,189,73,左脚,65,78,45,30,66,44,63
50131256,前锋,13,布塔伊卜,K. Boutaïb,摩洛哥,马拉蒂亚体育 ,31,1987-04-24,189,82,右脚,68,64,71,34,64,49,71
50040133,前锋,20,鲍哈杜兹,A. Bouhaddouz,摩洛哥,圣保利,31,1987-03-30,188,88,右脚,72,67,79,23,64,51,72
50218669,后卫,5,穆罕默迪,Milad Mohammadi,伊朗,格罗兹尼艾卡马特,24,1993-09-29,178,79,左脚,70,89,69,65,74,63,54
50204296,后卫,19,侯塞尼,Seyedmajid Hosseini,伊朗,德黑兰独立,21,1996-06-20,,,,,,,,,,
50194545,后卫,4,切什米,R. Cheshmi,伊朗,德黑兰独立,24,1993-07-24,190,80,右脚,,,,,,,
50147238,后卫,13,汉扎德,M. Khanzadeh,伊朗,帕蒂德,27,1991-05-11,188,80,右脚,,,,,,,
50075987,后卫,23,雷扎扬,R. Rezaeian,伊朗,奥斯坦德,28,1990-03-21,185,75,右脚,,,,,,,
50069550,后卫,8,普拉利甘吉,M. Pouraliganji,伊朗,萨德,26,1992-04-19,184,83,,,,,,,,
50034142,后卫,15,蒙塔泽里,P. Montazeri,伊朗,德黑兰独立,34,1983-09-06,186,78,右脚,,,,,,,
50189757,中场,2,托拉比,M. Torabi,伊朗,塞帕,23,1994-09-10,185,71,右脚,,,,,,,
50176667,中场,6,埃扎托拉希,S. Ezatolahi,伊朗,阿姆卡尔,21,1996-10-01,191,78,右脚,65,60,63,57,60,60,56
50171969,中场,11,阿米里,V. Amiri,伊朗,波斯波利斯,30,1988-04-02,185,71,左脚,,,,,,,
50091490,中场,9,易卜拉希米,O. Ebrahimi,伊朗,德黑兰独立,30,1987-09-16,179,75,右脚,,,,,,,
50015648,中场,3,哈伊萨菲,Ehsan Haji Safi,伊朗,奥林匹亚科斯,28,1990-02-25,176,74,左脚,,,,,,,
50001746,中场,21,德贾加,Ashkan Dejagah,伊朗,诺丁汉森林,31,1986-07-05,181,77,左右脚,74,75,68,31,77,72,70
50000466,中场,7,舒贾埃,Masoud Shojaei,伊朗,雅典AEK,33,1984-06-09,184,73,右脚,,,,,,,
50133262,前锋,18,贾汉巴赫什,A. Jahanbakhsh,伊朗,阿尔克马尔,24,1993-08-11,180,77,右脚,74,86,70,40,77,66,67
50119611,前锋,14,古多斯,Saman Ghoddos,伊朗,厄斯特松德,24,1993-09-06,176,75,右脚,67,83,60,38,72,61,61
50114901,前锋,20,阿兹蒙,Azmoun,伊朗,喀山红宝石,23,1995-01-01,178,72,,77,82,67,39,75,64,76
50106708,前锋,17,塔雷米,M. Taremi,伊朗,加拉法,25,1992-07-18,187,80,,,,,,,,
50033989,前锋,10,安萨里法德,Karim Ansarifard,伊朗,奥林匹亚科斯,28,1990-04-03,183,77,右脚,73,79,55,42,74,56,72
50013319,前锋,16,古钱内贾德,R. Ghoochannejhad,伊朗,海伦芬,30,1987-09-20,180,81,右脚,71,77,60,36,72,61,70
50223891,后卫,2,帕瓦尔,Benjamin Pavard,法国,斯图加特,22,1996-03-28,186,76,右脚,71,72,62,72,65,64,43
50201301,后卫,21,卢卡斯-埃尔南德斯,Lucas Hernández,法国,马德里竞技,22,1996-02-14,184,76,左脚,76,65,71,76,56,53,42
50170715,后卫,3,金彭贝,Presnel Kimpembe,法国,巴黎圣日耳曼,22,1995-08-13,189,71,左脚,75,72,70,76,58,45,31
50105898,后卫,22,门迪,Benjamin Mendy,法国,曼城,23,1994-07-17,185,85,左脚,77,80,78,73,74,66,47
50103334,后卫,5,乌姆蒂蒂,Samuel Umtiti,法国,巴塞罗那,24,1993-11-14,182,75,左脚,83,75,79,82,71,71,64
50102279,后卫,4,瓦拉内,Raphael Varane,法国,皇家马德里,25,1993-04-25,191,78,右脚,84,77,78,85,63,60,45
50067839,后卫,19,西迪贝,Djibril Sidibe,法国,摩纳哥,25,1992-07-29,182,71,右脚,80,82,79,77,75,74,67
50010398,后卫,17,拉米,Adil Rami,法国,马赛,32,1985-12-27,190,90,右脚,82,59,81,82,58,48,54
50155920,中场,12,托利索,Corentin Tolisso,法国,拜仁慕尼黑,23,1994-08-03,181,78,右脚,81,75,82,76,77,77,76
50136901,中场,13,坎特,N'Golo Kanté,法国,切尔西,27,1991-03-29,168,68,右脚,86,82,83,81,78,75,66
50135964,中场,8,勒马尔,Thomas Lemar,法国,摩纳哥,22,1995-11-12,170,58,左脚,80,83,69,62,82,77,75
50114358,中场,6,博格巴,Paul Pogba,法国,曼联,25,1993-03-15,191,84,右脚,88,77,87,72,87,84,80
50033714,中场,15,恩宗齐,Steven N'Zonzi,法国,塞维利亚,29,1988-12-15,196,75,右脚,82,58,87,79,69,71,64
50001115,中场,14,马图伊迪,Blaise Matuidi,法国,尤文图斯,31,1987-04-09,180,75,左脚,86,79,84,83,76,78,67
50226848,前锋,10,姆巴佩,Kylian Mbappé,法国,巴黎圣日耳曼,19,1998-12-20,178,73,右脚,80,88,71,47,82,72,73
50204709,前锋,11,奥斯曼-登贝莱,Ousmane Dembélé,法国,巴塞罗那,21,1997-05-15,178,67,左右脚,81,92,56,31,85,73,73
50133769,前锋,18,费基尔,Nabil Fekir,法国,里昂,24,1993-07-18,173,72,左脚,81,83,75,31,87,77,77
50116584,前锋,20,托万,Florian Thauvin,法国,马赛,25,1993-01-26,179,70,右脚,81,81,63,36,83,77,76
50064414,前锋,7,格列兹曼,Antoine Griezmann,法国,马德里竞技,27,1991-03-21,176,67,左脚,88,86,67,30,87,78,85
50042797,前锋,9,吉鲁,Olivier Giroud,法国,切尔西,31,1986-09-30,192,93,左脚,83,64,83,38,72,69,82
50123345,后卫,2,德格内克,M. Degenek,澳大利亚,横滨水手,24,1994-04-28,182,80,右脚,64,66,75,61,53,52,48
50098008,后卫,19,里斯登,J. Risdon,澳大利亚,西悉尼流浪者,25,1992-07-27,167,70,右脚,71,77,75,73,62,56,48
50086376,后卫,20,塞恩斯伯里,Trent Sainsbury,澳大利亚,草蜢,26,1992-01-05,183,76,,74,74,71,75,61,67,49
50052909,后卫,16,比伊奇,A. Behich,澳大利亚,布尔萨体育,27,1990-12-16,170,67,左脚,70,83,64,67,73,58,57
50043852,后卫,6,尤尔曼,Matthew Jurman,澳大利亚,水原三星,28,1989-12-08,190,84,,67,54,79,66,48,51,41
50012264,后卫,3,梅雷迪思,James Meredith,澳大利亚,米尔沃尔,30,1988-04-05,185,73,右脚,66,83,69,62,57,49,31
50250311,中场,17,阿尔扎尼,D. Arzani,澳大利亚,墨尔本城,19,1999-01-04,171,73,右脚,,,,,,,
50175124,中场,11,纳鲍特,A. Nabbout,澳大利亚,浦和红钻,25,1992-12-17,175,80,右脚,,,,,,,
50145241,中场,23,罗吉奇,Tomas Rogic,澳大利亚,凯尔特人,25,1992-12-16,188,89,右脚,71,67,61,37,73,68,68
50135121,中场,22,杰克逊-欧文,Jackson Irvine,澳大利亚,赫尔城,25,1993-03-07,189,70,,65,65,69,58,65,60,55
50134241,中场,8,隆戈,M. Luongo,澳大利亚,女王公园巡游者,25,1992-09-25,176,66,右脚,70,74,70,61,72,65,58
50067703,中场,13,穆伊,Aaron Mooy,澳大利亚,哈德斯菲尔德,27,1990-09-15,174,68,右脚,76,70,74,64,73,78,70
50067066,中场,7,马修-莱基,Mathew Leckie,澳大利亚,柏林赫塔,27,1991-02-04,181,82,右脚,72,91,70,26,73,63,69
50013461,中场,15,耶迪纳克,Mile Jedinak,澳大利亚,阿斯顿维拉,33,1984-08-03,189,81,左右脚,76,50,83,77,60,67,68
50007989,中场,5,米利甘,Mark Milligan,澳大利亚,吉达国民,32,1985-08-04,178,78,右脚,71,64,80,70,64,68,59
50191880,前锋,14,杰米-麦克拉伦,Maclaren,澳大利亚,希伯尼安,24,1993-07-29,179,76,右脚,70,85,70,36,69,61,67
50129545,前锋,9,尤里奇,T. Jurić,澳大利亚,卢塞恩,26,1991-07-22,189,83,右脚,67,63,74,35,65,50,68
50106803,前锋,21,佩特拉托斯,D. Petratos,澳大利亚,纽卡斯尔喷气机,25,1992-11-10,175,78,,65,84,62,47,67,64,59
50013547,前锋,10,克鲁泽,Kruse,澳大利亚,波鸿,29,1988-10-05,179,70,右脚,74,79,59,39,76,68,69
50000664,前锋,4,卡希尔,Tim Cahill,澳大利亚,米尔沃尔,38,1979-12-06,178,64,右脚,74,62,74,50,64,56,68
50210702,后卫,22,洛约拉,N. Loyola,秘鲁,梅尔加,23,1994-10-26,178,64,左脚,,,,,,,
50116666,后卫,5,米格尔-阿劳霍,M. Araujo,秘鲁,利马联盟,23,1994-10-24,180,75,右脚,,,,,,,
50113866,后卫,6,特朗科,M. Trauco,秘鲁,弗拉门戈,25,1992-08-25,175,62,左脚,66,73,63,65,65,59,39
50098252,后卫,4,圣马利亚,Ánderson Santamaría,秘鲁,普埃布拉,26,1992-01-10,183,82,,,,,,,,
50053822,后卫,17,阿德文库拉,Luis Advíncula,秘鲁,洛沃斯,28,1990-03-02,178,77,右脚,72,92,75,64,75,67,64
50017643,后卫,15,克里斯蒂安-拉莫斯,Christian Ramos,秘鲁,韦拉克鲁斯,29,1988-11-04,185,74,右脚,56,57,47,21,55,43,59
50017533,后卫,3,科尔索,A. Corzo,秘鲁,秘鲁体育大学,29,1989-05-20,173,75,右脚,,,,,,,
50007946,后卫,2,阿尔韦托-罗德里格斯,A. Rodríguez,秘鲁,巴兰基亚青年,34,1984-03-31,183,78,右脚,,,,,,,
50116681,中场,16,卡塔赫纳,Wilder Cartagena,秘鲁,韦拉克鲁斯,23,1994-09-23,180,77,右脚,,,,,,,
50116676,中场,20,爱迪生-弗洛雷斯,É. Flores,秘鲁,奥尔堡,24,1994-05-14,170,72,左脚,,,,,,,
50116670,中场,23,佩德罗-阿基诺,Pedro Aquino,秘鲁,洛沃斯,23,1995-04-13,174,66,右脚,,,,,,,
50116668,中场,13,塔皮亚,Renato Tapia,秘鲁,费耶诺德,22,1995-07-28,182,78,右脚,72,65,83,66,77,67,56
50029621,中场,8,奎瓦,C. Cueva,秘鲁,圣保罗,26,1991-11-23,169,61,右脚,71,79,52,37,76,67,61
50022814,中场,19,尤顿,Y. Yotún,秘鲁,奥兰多城,28,1990-04-07,171,72,左脚,68,77,69,59,71,67,50
50017552,中场,7,乌尔塔多,Paolo Hurtado,秘鲁,吉马良斯,27,1990-07-27,177,67,右脚,72,84,60,51,75,64,69
50116673,前锋,14,波洛,Andy Polo,秘鲁,莫雷利亚君主,23,1994-09-29,175,70,左右脚,62,77,43,19,67,57,56
50074941,前锋,18,卡里略,A. Carrillo,秘鲁,沃特福德,26,1991-06-14,180,75,左右脚,80,91,68,32,82,74,76
50068470,前锋,11,鲁伊迪亚斯,Raúl Ruidíaz,秘鲁,莫雷利亚君主,27,1990-07-25,168,61,右脚,73,84,58,29,75,64,73
50002193,前锋,10,法尔范,J. Farfán,秘鲁,莫斯科火车头,33,1984-10-26,178,84,右脚,80,86,76,35,82,79,76
50001840,前锋,9,格雷罗,P. Guerrero,秘鲁,弗拉门戈,34,1984-01-01,185,82,右脚,,,,,,,
50136089,后卫,6,克里斯滕森,Andreas Christensen,丹麦,切尔西,22,1996-04-10,188,78,右脚,78,66,69,81,68,61,31
50093927,后卫,3,维斯特高,Jannik Vestergaard,丹麦,门兴格拉德巴赫,25,1992-08-03,199,96,左脚,79,46,81,79,50,57,47
50082216,后卫,5,克努森,Jonas Knudsen,丹麦,伊普斯维奇,25,1992-09-16,185,72,,,,,,,,
50058713,后卫,17,斯特里格-拉森,Jens Stryger Larsen,丹麦,乌迪内斯,27,1991-02-21,180,74,左右脚,68,83,75,63,65,60,58
50055304,后卫,14,达尔斯高,Henrik Dalsgaard,丹麦,布伦特福德,28,1989-07-27,189,79,,71,84,70,68,67,60,60
50019241,后卫,13,赞卡,Zanka,丹麦,哈德斯菲尔德,28,1990-04-23,191,79,右脚,,,,,,,
50008868,后卫,4,克亚尔,Simon Kjaer,丹麦,塞维利亚,29,1989-03-26,191,82,右脚,82,65,80,83,53,64,42
50120347,中场,18,勒拉热尔,Lukas Lerager,丹麦,波尔多,24,1993-07-12,185,80,右脚,65,60,70,57,62,62,53
50101302,中场,15,菲舍尔,Viktor Fischer,丹麦,哥本哈根,23,1994-06-09,180,71,右脚,74,78,65,35,77,70,72
50066846,中场,10,埃里克森,Christian Eriksen,丹麦,托特纳姆热刺,26,1992-02-14,182,76,左右脚,85,76,60,45,84,86,76
50058705,中场,8,德莱尼,Thomas Delaney,丹麦,云达不莱梅,26,1991-09-03,182,71,左脚,78,73,81,74,74,74,71
50013362,中场,19,舍内,L. Schöne,丹麦,阿贾克斯,32,1986-05-27,177,78,右脚,75,60,66,58,77,81,76
50008857,中场,7,奎斯特,William Kvist,丹麦,哥本哈根,33,1985-02-24,184,80,右脚,69,56,75,70,62,68,55
50001994,中场,2,克龙-德利,Michael Krohn-Dehli,丹麦,拉科鲁尼亚,35,1983-06-06,170,71,左右脚,82,67,67,64,80,84,74
50202194,前锋,12,多尔贝格,K. Dolberg,丹麦,阿贾克斯,20,1997-10-06,187,83,右脚,77,76,71,26,74,61,78
50177192,前锋,23,西斯托,Pione Sisto,丹麦,塞尔塔,23,1995-02-04,171,64,右脚,74,83,67,52,79,64,72
50135363,前锋,21,科内柳斯,Andreas Cornelius,丹麦,亚特兰大,25,1993-03-16,193,91,左脚,72,72,81,26,64,52,70
50101298,前锋,20,波尔森,Yussuf Poulsen,丹麦,RB莱比锡,23,1994-06-15,193,83,右脚,75,88,79,37,75,62,66
50068505,前锋,11,布莱斯维特,Martin Braithwaite,丹麦,波尔多,27,1991-06-05,180,77,右脚,78,85,78,34,80,73,76
50066276,前锋,9,约根森,Nicolai Jørgensen,丹麦,费耶诺德,27,1991-01-15,190,83,右脚,79,77,77,37,77,71,78
50069421,后卫,3,塔利亚菲科,N. Tagliafico,阿根廷,阿贾克斯,25,1992-08-31,171,65,左脚,78,87,72,77,75,65,55
50048604,后卫,16,罗霍,Marcos Rojo,阿根廷,曼联,28,1990-03-20,187,85,左脚,78,74,83,79,69,69,60
50047193,后卫,17,奥塔门迪,Nicolás Otamendi,阿根廷,曼城,30,1988-02-12,183,81,右脚,85,72,82,85,53,56,56
50013910,后卫,6,法西奥,Federico Fazio,阿根廷,罗马,31,1987-03-17,195,85,右脚,81,32,80,83,53,54,41
50011464,后卫,2,梅尔卡多,Gabriel Mercado,阿根廷,塞维利亚,31,1987-03-18,181,85,右脚,76,78,82,77,58,62,54
50010802,后卫,4,安萨尔迪,Cristian Ansaldi,阿根廷,都灵,31,1986-09-20,181,76,左右脚,80,81,71,77,73,72,59
50000110,后卫,14,马斯切拉诺,Javier Mascherano,阿根廷,河北华夏幸福,33,1984-06-08,174,73,右脚,85,66,80,85,69,71,53
50231179,中场,20,洛塞尔索,Giovani Lo Celso,阿根廷,巴黎圣日耳曼,22,1996-04-09,177,69,左脚,74,77,63,40,76,76,58
50150440,中场,13,梅萨,M. Meza,阿根廷,独立,25,1992-12-15,180,69,右脚,74,79,67,35,80,70,71
50092495,中场,15,兰奇尼,Manuel Lanzini,阿根廷,西汉姆联,25,1993-02-15,167,59,右脚,80,82,53,27,85,77,71
50041230,中场,18,萨尔维奥,Eduardo Salvio,阿根廷,本菲卡,27,1990-07-13,172,71,右脚,79,87,65,44,84,73,73
50015389,中场,7,巴内加,Éver Banega,阿根廷,塞维利亚,29,1988-06-29,174,71,右脚,84,71,69,64,83,85,71
50012754,中场,11,迪马利亚,Ángel Di María,阿根廷,巴黎圣日耳曼,30,1988-02-14,180,75,左脚,87,87,70,47,87,84,79
50003626,中场,5,比格利亚,Lucas Biglia,阿根廷,AC米兰,32,1986-01-30,178,64,右脚,82,71,76,75,74,80,64
50204271,前锋,22,帕文,C. Pavón,阿根廷,博卡青年,22,1996-01-21,167,65,右脚,75,88,54,27,77,67,70
50129002,前锋,21,迪巴拉,Paulo Dybala,阿根廷,尤文图斯,24,1993-11-15,177,75,左脚,89,88,67,24,90,80,87
50119272,前锋,8,阿库尼亚,Marcos Acuña,阿根廷,葡萄牙体育,26,1991-10-28,172,69,左脚,75,84,75,54,75,72,63
50004237,前锋,9,伊瓜因,Gonzalo Higuaín,阿根廷,尤文图斯,30,1987-12-10,186,89,右脚,88,80,75,24,82,68,87
50002799,前锋,19,阿圭罗,Sergio Agüero,阿根廷,曼城,30,1988-06-02,173,70,右脚,89,89,70,23,89,75,88
50000116,前锋,10,梅西,Lionel Messi,阿根廷,巴塞罗那,30,1987-06-24,170,72,左脚,93,89,61,26,96,86,90
50088639,后卫,5,因加松,Ingason,冰岛,罗斯托夫,24,1993-08-05,188,83,,71,61,75,70,54,52,49
50068593,后卫,18,马格努松,Hördur Bjorgvin Magnusson,冰岛,布里斯托尔城,25,1993-02-11,190,82,,69,61,70,70,52,48,39
50007551,后卫,15,埃约尔夫松,H. Eyjólfsson,冰岛,索菲亚列夫斯基,27,1990-08-06,190,86,右脚,69,74,71,68,54,54,44
50007473,后卫,23,阿里-斯库拉松,A. Skúlason,冰岛,洛克伦,31,1987-05-14,170,65,右脚,64,66,71,55,69,69,59
50007465,后卫,2,塞瓦松,B. Sævarsson,冰岛,雷克雅未克矛隼,33,1984-11-11,187,81,右脚,67,78,71,66,56,57,48
50005056,后卫,6,拉格纳-西于尔兹松,Ragnar Sigurdsson,冰岛,罗斯托夫,31,1986-06-19,187,83,,75,69,81,76,43,56,40
50386854,中场,3,弗里永松,S. Friðjónsson,冰岛,瓦勒伦加,22,1996-02-22,186,76,右脚,,,,,,,
50090576,中场,21,特劳斯塔松,Arnór Ingvi Traustason,冰岛,马尔默,25,1993-04-30,182,71,右脚,72,76,65,29,74,69,71
50041359,中场,10,西于尔兹松,Gylfi Sigurdsson,冰岛,埃弗顿,28,1989-09-08,186,79,右脚,82,68,68,53,78,82,81
50023134,中场,7,约翰-古德蒙德松,Johann Berg Gudmundsson,冰岛,伯恩利,27,1990-10-27,186,78,左脚,72,76,70,49,75,68,72
50018087,中场,17,贡纳尔松,A. Gunnarsson,冰岛,卡迪夫城,29,1989-04-22,177,95,右脚,70,67,77,65,69,66,62
50013861,中场,20,哈尔弗雷德松,Emil Hallfredsson,冰岛,乌迪内斯,33,1984-06-29,185,83,左脚,76,68,75,71,74,77,65
50008776,中场,14,阿纳松,K. Árnason,冰岛,阿伯丁,35,1982-10-13,190,79,右脚,69,32,76,67,50,56,51
50006174,中场,8,比亚纳松,Birkir Bjarnason,冰岛,阿斯顿维拉,30,1988-05-27,182,75,左右脚,75,75,78,56,71,69,71
50005001,中场,16,斯库拉松,Ó. Skúlason,冰岛,卡拉比克体育,35,1983-04-01,183,82,右脚,71,66,79,68,62,64,58
50161041,前锋,4,阿尔伯特-古德蒙德松,Albert Gudmundsson,冰岛,PSV埃因霍温,20,1997-06-15,177,,右脚,,,,,,,
50066397,前锋,22,博瓦松,Jón Dadi Bödvarsson,冰岛,雷丁,26,1992-05-25,190,85,右脚,69,78,75,30,66,58,67
50023128,前锋,11,芬博阿松,Alfred Finnbogason,冰岛,奥格斯堡,29,1989-02-01,184,80,右脚,77,68,72,31,73,62,80
50007571,前锋,9,西古拉松,B. Sigurðarson,冰岛,罗斯托夫,27,1991-02-26,185,86,右脚,69,78,80,37,69,58,65
50002548,前锋,19,吉斯拉松,R. Gíslason,冰岛,桑德豪森,30,1988-02-25,184,80,右脚,71,78,72,40,72,64,69
50171180,后卫,15,卡莱塔-卡尔,Duje Caleta-Car,克罗地亚,萨尔茨堡红牛,21,1996-09-17,192,89,右脚,71,67,73,71,54,46,38
50158026,后卫,13,耶德瓦伊,Tin Jedvaj,克罗地亚,勒沃库森,22,1995-11-28,184,81,右脚,77,72,77,77,64,58,51
50059678,后卫,2,弗尔萨利科,Sime Vrsaljko,克罗地亚,马德里竞技,26,1992-01-10,181,76,右脚,79,81,77,77,72,72,55
50058559,后卫,22,皮瓦里奇,Josip Pivaric,克罗地亚,基辅迪纳摩,29,1989-01-30,176,69,左脚,,,,,,,
50040226,后卫,6,洛夫伦,Dejan Lovren,克罗地亚,利物浦,28,1989-07-05,188,84,左右脚,81,58,81,82,63,60,40
50032463,后卫,3,斯特里尼奇,Ivan Strinic,克罗地亚,桑普多利亚,30,1987-07-17,186,78,左脚,74,77,74,73,73,66,56
50026522,后卫,21,维达,Domagoj Vida,克罗地亚,贝西克塔斯,29,1989-04-29,184,76,右脚,,,,,,,
50012315,后卫,5,乔尔卢卡,Vedran Corluka,克罗地亚,莫斯科火车头,32,1986-02-05,192,84,右脚,82,52,82,82,66,67,47
50171554,中场,14,布拉达里奇,Filip Bradaric,克罗地亚,里耶卡,26,1992-01-11,186,78,右脚,,,,,,,
50102192,中场,8,科瓦契奇,Mateo Kovacic,克罗地亚,皇家马德里,24,1994-05-06,178,77,右脚,81,82,69,59,85,82,67
50090338,中场,11,布罗佐维奇,Marcelo Brozovic,克罗地亚,国际米兰,25,1992-11-16,181,68,左右脚,81,75,69,68,81,79,72
50059294,中场,19,巴德利,Milan Badelj,克罗地亚,佛罗伦萨,29,1989-02-25,186,76,右脚,79,62,75,75,73,77,61
50010499,中场,4,佩里西奇,Ivan Perisic,克罗地亚,国际米兰,29,1989-02-02,186,80,左右脚,84,84,76,42,81,78,79
50008543,中场,7,拉基蒂奇,Ivan Rakitic,克罗地亚,巴塞罗那,30,1988-03-10,184,78,右脚,87,66,66,59,82,86,84
50000339,中场,10,莫德里奇,Luka Modric,克罗地亚,皇家马德里,32,1985-09-09,174,65,左右脚,89,74,66,72,89,86,75
50137626,前锋,20,皮亚察,Marko Pjaca,克罗地亚,沙尔克04,23,1995-05-06,186,83,右脚,76,85,70,28,84,74,67
50122038,前锋,18,雷比奇,Ante Rebic,克罗地亚,法兰克福,24,1993-09-21,185,78,右脚,70,76,66,23,71,58,68
50058564,前锋,9,克拉马里奇,Andrej Kramaric,克罗地亚,霍芬海姆,26,1991-06-19,177,73,右脚,78,73,71,26,81,66,78
50023756,前锋,16,卡利尼奇,Nikola Kalinic,克罗地亚,AC米兰,30,1988-01-05,187,78,左右脚,80,74,76,35,73,62,78
50015373,前锋,17,曼朱基奇,Mario Mandzukic,克罗地亚,尤文图斯,32,1986-05-21,190,85,右脚,83,70,85,42,73,60,78
50234013,后卫,20,阿瓦泽姆,Chidozie Awaziem,尼日利亚,南特,21,1997-01-01,189,78,,72,71,74,71,53,41,39
50217879,后卫,21,埃布埃希,T. Ebuehi,尼日利亚,海牙,22,1995-12-16,187,76,右脚,65,88,65,61,64,47,34
50190955,后卫,12,谢胡,A. Shehu,尼日利亚,布尔萨体育,25,1993-03-12,181,72,右脚,71,75,72,65,67,70,46
50156352,后卫,2,埃多乌,B. Idowu,尼日利亚,阿姆卡尔,26,1992-05-18,180,77,右脚,63,85,68,61,63,53,41
50139269,后卫,5,埃孔,W. Troost-Ekong,尼日利亚,布尔萨体育,24,1993-09-01,191,82,右脚,69,70,75,69,37,40,27
50069377,后卫,4,奥梅罗,K. Omeruo,尼日利亚,卡斯帕萨,24,1993-09-17,185,83,右脚,76,76,79,76,60,47,32
50028811,后卫,6,巴洛贡,Leon Balogun,尼日利亚,美因茨,29,1988-06-28,190,88,右脚,76,73,80,76,60,62,46
50015774,后卫,3,埃切基尔,Elderson Echiéjilé,尼日利亚,,30,1988-01-20,184,76,,,,,,,,
50205114,中场,8,厄特博,Oghenekaro Etebo,尼日利亚,拉斯帕尔马斯,22,1995-11-09,176,70,右脚,,,,,,,
50190965,中场,13,恩迪迪,Wilfred Ndidi,尼日利亚,莱斯特城,21,1996-12-16,183,74,右脚,75,77,78,75,67,63,57
50170016,中场,18,伊沃比,Alex Iwobi,尼日利亚,阿森纳,22,1996-05-03,180,75,右脚,74,77,65,28,82,65,61
50069375,中场,17,奥纳齐,O. Onazi,尼日利亚,特拉布宗体育,25,1992-12-25,173,73,左右脚,75,80,72,70,76,73,64
50059666,中场,15,乔尔-奥比,Joel Obi,尼日利亚,都灵,27,1991-05-22,176,71,左脚,73,80,71,69,77,70,63
50032578,中场,19,奥古,John Ogu,尼日利亚,贝尔谢巴工人,30,1988-04-20,192,84,左脚,,,,,,,
50018651,中场,11,摩西,Victor Moses,尼日利亚,切尔西,27,1990-12-12,177,79,右脚,78,85,73,67,82,71,71
50002318,中场,10,米克尔,John Obi Mikel,尼日利亚,天津泰达,31,1987-04-22,188,83,,78,55,88,78,67,68,54
50204018,前锋,14,伊希纳乔,Kelechi Iheanacho,尼日利亚,莱斯特城,21,1996-10-03,185,82,左脚,76,87,67,22,75,61,75
50127450,前锋,22,恩万科沃,Simy,尼日利亚,克罗托内,26,1992-05-07,198,84,右脚,69,53,74,30,55,43,71
50085486,前锋,7,穆萨,Ahmed Musa,尼日利亚,莫斯科中央陆军,25,1992-10-14,171,66,左右脚,78,93,56,28,82,65,76
50015217,前锋,9,伊哈洛,Odion Ighalo,尼日利亚,长春亚泰,28,1989-06-16,179,70,右脚,78,81,75,40,78,56,73
50116625,后卫,13,马尔基尼奥斯,Marquinhos,巴西,巴黎圣日耳曼,24,1994-05-14,183,75,右脚,82,73,76,84,69,67,38
50053451,后卫,14,达尼洛,Danilo,巴西,曼城,26,1991-07-15,184,78,右脚,80,80,79,78,75,72,70
50013414,后卫,12,马塞洛,Marcelo,巴西,皇家马德里,30,1988-05-12,174,75,左脚,86,79,80,82,84,80,69
50013310,后卫,22,法格纳,Fágner,巴西,科林蒂安,28,1989-06-11,168,67,右脚,,,,,,,
50013161,后卫,4,杰罗梅尔,Pedro Geromel,巴西,格雷米奥,32,1985-09-21,190,84,右脚,77,56,72,80,64,60,34
50007012,后卫,2,蒂亚戈-席尔瓦,Thiago Silva,巴西,巴黎圣日耳曼,33,1984-09-22,183,79,右脚,89,74,79,90,73,73,57
50003606,后卫,6,菲利佩,Filipe Luís,巴西,马德里竞技,32,1985-08-09,182,73,左脚,85,80,79,82,77,77,62
50001259,后卫,3,米兰达,Miranda,巴西,国际米兰,33,1984-09-07,186,78,右脚,86,75,77,89,64,56,49
50124783,中场,18,弗雷德,Fred,巴西,曼联,25,1993-03-05,169,64,左脚,80,82,64,71,82,75,70
50069491,中场,5,卡塞米罗,Casemiro,巴西,皇家马德里,26,1992-02-23,184,80,右脚,84,62,85,84,71,72,68
50057506,中场,11,库蒂尼奥,Coutinho,巴西,巴塞罗那,25,1992-06-12,172,68,右脚,86,82,64,35,88,82,77
50046459,中场,7,道格拉斯-科斯塔,Douglas Costa,巴西,尤文图斯,27,1990-09-14,172,70,左脚,85,92,64,49,86,79,78
50028880,中场,21,泰森,Taison,巴西,顿涅茨克矿工,30,1988-01-13,172,64,右脚,81,90,63,47,85,75,77
50023116,中场,15,保利尼奥,Paulinho,巴西,巴塞罗那,29,1988-07-25,182,71,右脚,81,77,76,77,77,74,74
50015110,中场,17,费尔南迪尼奥,Fernandinho,巴西,曼城,33,1985-05-04,179,67,右脚,81,77,78,76,78,77,75
50006963,中场,8,奥古斯托,Renato Augusto,巴西,北京中赫国安,30,1988-02-08,186,90,右脚,81,68,70,66,82,81,73
50223405,前锋,9,热苏斯,Gabriel Jesus,巴西,曼城,21,1997-04-03,175,73,右脚,81,86,67,26,85,70,77
50069905,前锋,20,菲尔米诺,Roberto Firmino,巴西,利物浦,26,1991-10-02,181,76,右脚,84,79,76,47,85,79,80
50069499,前锋,10,内马尔,Neymar,巴西,巴黎圣日耳曼,26,1992-02-05,175,68,左右脚,92,91,61,30,95,79,84
50006937,前锋,19,威廉,Willian,巴西,切尔西,29,1988-08-09,175,77,右脚,85,89,63,51,86,80,74
50210130,后卫,5,阿坎季,Manuel Akanji,瑞士,多特蒙德,22,1995-07-19,187,91,右脚,53,53,61,55,35,34,29
50175035,后卫,4,埃尔维迪,Nico Elvedi,瑞士,门兴格拉德巴赫,21,1996-09-30,188,78,右脚,72,69,71,73,59,55,34
50080439,后卫,3,穆班杰,François Moubandje,瑞士,图卢兹,27,1990-06-21,180,74,左脚,73,72,75,75,69,64,46
50074474,后卫,22,法比安-舍尔,Fabian Schär,瑞士,拉科鲁尼亚,26,1991-12-20,188,84,右脚,77,66,76,76,65,70,63
50066776,后卫,13,里卡多-罗德里格斯,Ricardo Rodríguez,瑞士,AC米兰,25,1992-08-25,181,78,左脚,83,74,75,80,78,81,67
50027482,后卫,6,米夏埃尔-兰,Michael Lang,瑞士,巴塞尔,27,1991-02-08,185,79,右脚,75,77,77,76,61,66,63
50001883,后卫,2,利希施泰纳,Stephan Lichtsteiner,瑞士,阿森纳,34,1984-01-16,182,76,右脚,83,81,80,79,76,73,59
50000190,后卫,20,朱鲁,Djourou,瑞士,安塔利亚体育,31,1987-01-18,191,87,右脚,77,69,75,77,60,58,36
50230045,中场,17,扎卡里亚,Denis Zakaria,瑞士,门兴格拉德巴赫,21,1996-11-20,191,80,右脚,71,70,79,69,72,70,39
50085004,中场,8,弗罗伊勒,Remo Freuler,瑞士,亚特兰大,26,1992-04-15,181,77,右脚,68,69,67,54,63,69,63
50069459,中场,10,扎卡,Granit Xhaka,瑞士,阿森纳,25,1992-09-27,185,82,左脚,84,51,78,72,72,81,66
50058041,中场,23,沙奇里,Xherdan Shaqiri,瑞士,斯托克城,26,1991-10-10,169,72,左右脚,83,86,72,53,84,78,77
50031271,中场,14,聚贝尔,Steven Zuber,瑞士,霍芬海姆,26,1991-08-17,182,79,右脚,74,79,74,53,75,69,69
50008613,中场,16,热尔松-费尔南德斯,Gelson Fernandes,瑞士,法兰克福,31,1986-09-02,179,70,右脚,,,,,,,
50000199,中场,15,哲马伊利,Blerim Dzemaili,瑞士,博洛尼亚,32,1986-04-12,179,73,右脚,74,68,71,67,72,72,69
50000196,中场,11,贝赫拉米,Valon Behrami,瑞士,乌迪内斯,33,1985-04-19,185,78,右脚,77,67,79,74,71,72,64
50201416,前锋,7,恩博洛,Breel Embolo,瑞士,沙尔克04,21,1997-02-14,185,86,右脚,76,86,79,33,79,67,73
50077811,前锋,19,德尔米奇,Josip Drmic,瑞士,门兴格拉德巴赫,25,1992-08-08,183,81,右脚,76,77,69,37,77,67,75
50058042,前锋,18,加夫拉诺维奇,Mario Gavranovic,瑞士,萨格勒布迪纳摩,28,1989-11-24,175,74,,,,,,,,
50054822,前锋,9,塞费罗维奇,Haris Seferovic,瑞士,本菲卡,26,1992-02-22,185,85,左脚,76,72,79,39,72,66,76
50237448,后卫,4,扬-史密斯,I. Smith,哥斯达黎加,北雪平,20,1998-03-06,177,68,左脚,,,,,,,
50122785,后卫,15,卡尔沃,F. Calvo,哥斯达黎加,明尼苏达联,25,1992-07-08,178,77,左脚,,,,,,,
50105734,后卫,22,马塔里塔,R. Matarrita,哥斯达黎加,纽约城,23,1994-07-09,175,70,左脚,69,85,63,66,67,61,47
50059715,后卫,2,阿科斯塔,J. Acosta,哥斯达黎加,里奥内格罗老鹰,34,1983-07-21,178,77,右脚,63,76,56,34,69,59,60
50052834,后卫,19,沃森,K. Waston,哥斯达黎加,温哥华白浪,30,1988-01-01,196,97,右脚,74,61,86,71,44,43,30
50046305,后卫,3,詹卡洛-冈萨雷斯,Giancarlo González,哥斯达黎加,博洛尼亚,30,1988-02-08,186,77,右脚,77,74,71,78,59,52,45
50031861,后卫,16,甘博亚,Cristian Gamboa,哥斯达黎加,凯尔特人,28,1989-10-24,175,67,右脚,75,88,73,70,72,66,54
50031042,后卫,6,奥斯卡-杜阿尔特,Óscar Duarte,哥斯达黎加,西班牙人,29,1989-06-03,186,81,右脚,76,65,75,77,53,41,29
50031038,后卫,8,奥维多,Bryan Oviedo,哥斯达黎加,桑德兰,28,1990-02-18,172,69,左脚,72,76,67,69,75,67,61
50069660,中场,17,特赫达,Y. Tejeda,哥斯达黎加,洛桑体育,26,1992-03-17,175,,右脚,71,66,75,68,68,64,55
50062842,中场,11,贝内加斯,J. Venegas,哥斯达黎加,萨普里萨,29,1988-11-27,183,76,右脚,66,75,69,38,68,62,64
50062322,中场,20,戴维-古斯曼,D. Guzmán,哥斯达黎加,波特兰伐木者,28,1990-02-18,178,60,右脚,,,,,,,
50053026,中场,7,克里斯蒂安-博拉尼奥斯,C. Bolaños,哥斯达黎加,萨普里萨,34,1984-05-17,175,70,右脚,71,74,63,31,73,68,65
50051766,中场,13,鲁德尼-华莱士,R. Wallace,哥斯达黎加,纽约城,29,1988-06-17,175,69,左脚,70,77,53,46,71,68,64
50031046,中场,5,博尔赫斯,Celso Borges,哥斯达黎加,拉科鲁尼亚,30,1988-05-27,182,78,右脚,77,61,74,69,72,73,73
50012731,中场,14,阿索菲法,R. Azofeifa,哥斯达黎加,埃雷迪亚诺,33,1984-12-30,183,79,右脚,,,,,,,
50076015,前锋,9,科林德雷斯,D. Colindres,哥斯达黎加,萨普里萨,33,1985-01-10,180,,左脚,,,,,,,
50069652,前锋,12,霍埃尔-坎贝尔,Joel Campbell,哥斯达黎加,皇家贝蒂斯,25,1992-06-26,178,71,左脚,78,88,74,42,79,74,73
50031076,前锋,21,乌雷尼亚,M. Ureña,哥斯达黎加,洛杉矶FC,28,1990-03-05,179,75,右脚,65,84,62,42,67,57,62
50007653,前锋,10,鲁伊斯,Bryan Ruiz,哥斯达黎加,葡萄牙体育,32,1985-08-18,188,78,左脚,81,69,58,53,85,80,74
50259365,后卫,15,米伦科维奇,Nikola Milenkovic,塞尔维亚,佛罗伦萨,20,1997-10-12,195,90,右脚,,,,,,,
50139267,后卫,13,维利科维奇,Milos Veljkovic,塞尔维亚,云达不莱梅,22,1995-09-26,184,77,右脚,63,55,65,64,45,45,28
50105960,后卫,5,斯帕吉奇,Uros Spajic,塞尔维亚,安德莱赫特,25,1993-02-13,188,82,,70,65,75,68,61,51,40
50062920,后卫,14,米兰-罗迪奇,Milan Rodic,塞尔维亚,贝尔格莱德红星,27,1991-04-02,185,77,左脚,67,69,66,64,64,52,36
50015754,后卫,2,鲁卡维纳,Antonio Rukavina,塞尔维亚,比利亚雷亚尔,34,1984-01-26,176,71,右脚,77,75,74,76,68,69,48
50013700,后卫,11,科拉罗夫,Aleksandar Kolarov,塞尔维亚,罗马,32,1985-11-10,187,81,左脚,79,67,79,79,74,78,69
50005226,后卫,6,伊万诺维奇,Branislav Ivanovic,塞尔维亚,泽尼特,34,1984-02-22,185,80,右脚,80,65,84,86,61,64,61
50001262,后卫,3,托西奇,Dusko Tosic,塞尔维亚,广州富力,33,1985-01-19,184,80,左脚,74,63,77,74,67,64,47
50191502,中场,20,米林科维奇-萨维奇,Sergej Milinkovic-Savic,塞尔维亚,拉齐奥,23,1995-02-27,191,76,右脚,79,72,81,73,79,72,70
50173493,中场,16,格鲁伊奇,Marko Grujic,塞尔维亚,卡迪夫城,22,1996-04-13,191,76,右脚,71,72,77,70,67,67,68
50136569,中场,7,日夫科维奇,Andrija Zivkovic,塞尔维亚,本菲卡,21,1996-07-11,170,66,,75,85,49,32,79,70,70
50095234,中场,17,菲利普-科斯蒂奇,Filip Kostic,塞尔维亚,汉堡,25,1992-11-01,184,82,左脚,80,90,72,39,81,75,71
50063293,中场,4,米利沃杰维奇,Luka Milivojevic,塞尔维亚,水晶宫,27,1991-04-07,186,80,右脚,75,64,81,71,66,69,62
50029750,中场,10,塔迪奇,Dusan Tadic,塞尔维亚,南安普顿,29,1988-11-20,181,76,左脚,79,71,66,37,83,80,68
50025478,中场,21,马蒂奇,Nemanja Matic,塞尔维亚,曼联,29,1988-08-01,194,85,左脚,84,67,88,80,72,77,70
50185822,前锋,19,卢卡-约维奇,Luka Jovic,塞尔维亚,法兰克福,20,1997-12-23,181,79,右脚,71,76,63,27,74,59,69
50173136,前锋,18,拉多尼奇,Nemanja Radonjic,塞尔维亚,贝尔格莱德红星,22,1996-02-15,185,77,左右脚,,,,,,,
50130472,前锋,9,米特罗维奇,Aleksandar Mitrovic,塞尔维亚,富勒姆,23,1994-09-16,187,90,右脚,76,63,81,24,67,53,76
50033237,前锋,22,利亚伊奇,Adem Ljajic,塞尔维亚,都灵,26,1991-09-29,182,74,右脚,79,80,60,32,83,75,74
50022806,前锋,8,普里约维奇,A. Prijović,塞尔维亚,塞萨洛尼基,28,1990-04-21,191,88,右脚,71,70,74,36,69,54,68
50167419,后卫,18,基米希,Joshua Kimmich,德国,拜仁慕尼黑,23,1995-02-08,176,70,右脚,80,71,71,76,78,80,67
50145281,后卫,4,金特尔,Matthias Ginter,德国,门兴格拉德巴赫,24,1994-01-19,188,83,右脚,77,60,76,80,65,72,58
50136390,后卫,15,聚勒,Niklas Süle,德国,拜仁慕尼黑,22,1995-09-03,195,97,右脚,82,64,81,83,45,49,41
50122569,后卫,16,吕迪格,Antonio Rüdiger,德国,切尔西,25,1993-03-03,190,85,右脚,80,77,78,79,62,64,40
50069355,后卫,2,普拉滕哈特,Marvin Plattenhardt,德国,柏林赫塔,26,1992-01-26,181,76,左脚,77,77,73,73,75,75,55
50012579,后卫,5,胡梅尔斯,Mats Hummels,德国,拜仁慕尼黑,29,1988-12-16,191,92,右脚,88,64,76,89,71,74,58
50004784,后卫,17,博阿滕,Jérôme Boateng,德国,拜仁慕尼黑,29,1988-09-03,192,90,右脚,90,79,85,90,68,72,50
50136391,中场,14,格雷茨卡,Leon Goretzka,德国,沙尔克04,23,1995-02-06,189,79,右脚,81,81,75,75,78,77,70
50110946,中场,7,德拉克斯勒,Julian Draxler,德国,巴黎圣日耳曼,24,1993-09-20,187,72,右脚,84,77,64,34,86,80,79
50092647,中场,3,赫克托,Jonas Hector,德国,科隆,28,1990-05-27,185,75,左脚,80,77,75,78,74,73,60
50048668,中场,21,京多安,Ilkay Gündogan,德国,曼城,27,1990-10-24,180,79,右脚,85,75,72,63,87,84,72
50027994,中场,19,鲁迪,Sebastian Rudy,德国,拜仁慕尼黑,28,1990-02-28,180,74,右脚,79,71,67,69,79,79,67
50012581,中场,8,克罗斯,Toni Kroos,德国,皇家马德里,28,1990-01-04,182,78,左右脚,88,45,70,69,79,88,80
50003618,中场,6,赫迪拉,Sami Khedira,德国,尤文图斯,31,1987-04-04,189,90,右脚,84,66,85,81,76,79,76
50001820,中场,10,厄齐尔,Mesut Özil,德国,阿森纳,29,1988-10-15,180,76,左脚,89,72,58,24,86,87,74
50156154,前锋,9,维尔纳,Timo Werner,德国,RB莱比锡,22,1996-03-06,180,75,右脚,78,91,65,27,78,65,75
50150811,前锋,20,布兰特,Julian Brandt,德国,勒沃库森,22,1996-05-02,185,82,右脚,80,81,61,26,83,75,73
50040087,前锋,11,罗伊斯,Marco Reus,德国,多特蒙德,29,1989-05-31,180,71,右脚,88,90,65,40,86,84,85
50027787,前锋,13,托马斯-穆勒,Thomas Müller,德国,拜仁慕尼黑,28,1989-09-13,186,75,右脚,87,78,72,46,78,77,83
50001783,前锋,23,戈麦斯,Mario Gomez,德国,斯图加特,32,1985-07-10,189,89,右脚,82,72,78,28,73,62,83
50267510,后卫,21,埃德森-阿尔瓦雷斯,Edson Álvarez,墨西哥,美洲,20,1997-10-24,185,71,,,,,,,,
50183616,后卫,3,卡洛斯-萨尔塞多,Carlos Salcedo,墨西哥,法兰克福,24,1993-09-29,188,77,右脚,74,64,74,74,59,49,26
50069444,后卫,5,迭戈-雷耶斯,Diego Reyes,墨西哥,波尔图,25,1992-09-19,189,66,右脚,78,68,70,80,74,59,46
50060570,后卫,7,拉云,Miguel Layún,墨西哥,塞维利亚,29,1988-06-25,178,70,左右脚,81,84,73,74,78,77,72
50011525,后卫,15,埃克托-莫雷诺,Héctor Moreno,墨西哥,皇家社会,30,1988-01-17,183,80,左脚,80,67,76,81,62,62,43
50011041,后卫,2,乌戈-阿亚拉,Hugo Ayala,墨西哥,墨西哥老虎,31,1987-03-31,183,74,,74,66,72,76,58,60,55
50000387,后卫,4,马克斯,Rafael Márquez,墨西哥,阿特拉斯,39,1979-02-13,183,76,右脚,69,85,74,67,50,45,23
50219686,中场,23,赫苏斯-加利亚多,Jesús Gallardo,墨西哥,美洲狮,23,1994-08-15,177,68,,67,77,50,54,67,62,61
50065716,中场,6,霍纳坦-多斯桑托斯,Jonathan dos Santos,墨西哥,洛杉矶银河,28,1990-04-26,172,74,右脚,80,71,67,59,82,82,68
50059386,中场,16,埃克托-埃雷拉,Héctor Herrera,墨西哥,波尔图,28,1990-04-19,180,74,右脚,80,76,80,75,74,72,72
50031677,中场,20,哈维尔-阿基诺,Javier Aquino,墨西哥,墨西哥老虎,28,1990-02-11,165,62,右脚,76,92,51,34,79,70,64
50016919,中场,8,马尔科-法比安,Marco Fabián,墨西哥,法兰克福,28,1989-07-21,170,65,右脚,75,71,64,34,78,72,73
50000393,中场,18,瓜尔达多,Andrés Guardado,墨西哥,皇家贝蒂斯,31,1986-09-28,169,67,左脚,82,82,66,66,83,80,66
50209291,前锋,22,洛萨诺,H. Lozano,墨西哥,PSV埃因霍温,22,1995-07-30,175,70,,77,93,64,34,80,69,73
50134172,前锋,9,劳尔-希门尼斯,Raúl Jiménez,墨西哥,本菲卡,27,1991-05-05,190,76,右脚,79,78,77,39,74,69,76
50092306,前锋,17,赫苏斯-科罗纳,Jesús Manuel Corona,墨西哥,波尔图,25,1993-01-06,173,59,左右脚,,,,,,,
50038680,前锋,14,埃尔南德斯,Chicharito,墨西哥,西汉姆联,30,1988-06-01,175,73,右脚,83,83,64,31,78,66,81
50014691,前锋,10,多斯桑托斯,G. dos Santos,墨西哥,洛杉矶银河,29,1989-05-11,178,71,左脚,79,86,53,29,85,73,79
50011584,前锋,19,佩拉尔塔,Oribe Peralta,墨西哥,美洲,34,1984-01-12,178,70,左脚,,,,,,,
50002971,前锋,11,贝拉,Carlos Vela,墨西哥,洛杉矶FC,29,1989-03-01,177,77,左脚,82,85,66,25,82,76,78
50131430,后卫,14,赫兰德,Filip Helander,瑞典,博洛尼亚,25,1993-04-22,192,81,左脚,74,60,77,75,44,45,33
50118884,后卫,16,克拉夫特,Emil Krafth,瑞典,博洛尼亚,23,1994-08-02,181,72,右脚,69,77,71,66,66,62,52
50104541,后卫,6,奥古斯丁松,Ludwig Augustinsson,瑞典,云达不莱梅,24,1994-04-21,181,74,左脚,72,82,72,64,69,70,58
50083863,后卫,3,林德洛夫,Victor Lindelöf,瑞典,曼联,23,1994-07-17,187,80,,79,67,79,79,59,57,43
50066658,后卫,18,扬松,Pontus Jansson,瑞典,利兹联,27,1991-02-13,194,89,,76,63,78,77,60,50,42
50020612,后卫,2,卢斯蒂格,Mikael Lustig,瑞典,凯尔特人,31,1986-12-13,189,78,,73,60,70,76,66,66,54
50004251,后卫,4,格兰奎斯特,Granqvist,瑞典,克拉斯诺达尔,33,1985-04-16,192,84,右脚,80,48,78,82,55,59,58
50002457,后卫,5,奥尔松,Martin Olsson,瑞典,斯旺西,30,1988-05-17,178,81,左脚,,,,,,,
50132709,中场,19,马库斯-罗登,Marcus Rohdén,瑞典,克罗托内,27,1991-05-11,182,76,右脚,72,76,78,56,70,66,67
50103299,中场,17,克拉松,Claesson,瑞典,克拉斯诺达尔,26,1992-01-02,183,79,右脚,72,67,67,36,70,69,70
50089854,中场,15,希列马克,Oscar Hiljemark,瑞典,热那亚,25,1992-06-28,184,75,右脚,73,73,76,64,71,68,60
50055262,中场,10,福斯贝里,Emil Forsberg,瑞典,RB莱比锡,26,1991-10-23,179,78,右脚,81,75,66,30,82,77,72
50022582,中场,21,杜尔马兹,Jimmy Durmaz,瑞典,图卢兹,29,1989-03-22,180,69,左脚,75,84,63,32,78,74,71
50015785,中场,8,埃克达尔,Albin Ekdal,瑞典,汉堡,28,1989-07-28,186,75,右脚,76,65,77,64,75,75,66
50012279,中场,7,塞巴斯蒂安-拉尔松,Sebastian Larsson,瑞典,赫尔城,33,1985-06-06,178,70,,75,53,73,62,74,80,76
50005053,中场,13,斯文松,Svensson,瑞典,西雅图海湾人,31,1987-02-07,183,80,,,,,,,,
50120219,前锋,22,特林,Isaac Kiese Thelin,瑞典,华斯兰德贝弗伦,25,1992-06-24,189,83,,,,,,,,
50083640,前锋,11,圭代蒂,John Guidetti,瑞典,阿拉维斯,26,1992-04-15,185,79,右脚,78,66,75,30,76,65,80
50005100,前锋,20,托伊沃宁,Ola Toivonen,瑞典,图卢兹,31,1986-07-03,192,78,右脚,74,55,70,42,71,72,76
50005068,前锋,9,马库斯-贝里,Marcus Berg,瑞典,艾因,31,1986-08-17,184,74,右脚,80,75,72,29,74,63,79
50237806,后卫,3,郑升炫,Jung Seung-Hyeon,韩国,鸟栖砂岩,24,1994-04-03,188,74,,,,,,,,
50126592,后卫,20,张贤秀,Hyun-Soo Jang,韩国,FC东京,26,1991-09-28,187,77,左右脚,,,,,,,
50115067,后卫,4,吴反锡,Oh Ban-Suk,韩国,济州联,30,1988-05-20,189,79,,,,,,,,
50082201,后卫,2,李镕,Lee Yong,韩国,全北现代,31,1986-12-24,180,74,右脚,67,80,81,61,49,54,53
50079023,后卫,14,洪喆,Hong Chul,韩国,尚州尚武,27,1990-09-17,176,67,,74,89,75,67,69,68,47
50079013,后卫,5,尹荣善,Yun Young-Sun,韩国,尚州尚武,29,1988-10-04,185,77,右脚,,,,,,,
50067513,后卫,19,金英权,Kim Young-Gwon,韩国,广州恒大淘宝,28,1990-02-27,184,74,左脚,,,,,,,
50023821,后卫,6,朴柱昊,Park Joo-Ho,韩国,蔚山现代,31,1987-01-16,176,73,左脚,75,75,66,74,74,71,46
50211268,中场,17,李在成,Lee Jae-Sung II,韩国,全北现代,25,1992-08-10,180,70,,72,66,68,54,71,70,63
50148472,中场,8,朱世钟,Ju Se-Jong,韩国,,27,1990-10-30,176,70,,72,64,62,58,65,72,57
50145964,中场,18,文宣民,Moon Seon-Min,韩国,仁川联,25,1992-06-09,170,66,右脚,,,,,,,
50115272,中场,15,郑又荣,Jung Woo-Young,韩国,神户胜利船,28,1989-12-14,186,78,右脚,,,,,,,
50067515,中场,13,具滋哲,Koo Ja-Cheol,韩国,奥格斯堡,29,1989-02-27,182,73,右脚,78,74,66,56,81,74,76
50067511,中场,12,金民友,Kim Min-Woo,韩国,尚州尚武,28,1990-02-25,172,69,左脚,67,67,65,57,68,66,53
50019681,中场,22,高约翰,Ko Yo-Han,韩国,首尔FC,30,1988-03-10,170,65,左右脚,70,80,68,60,68,66,60
50019670,中场,16,奇诚庸,Ki Sung-yueng,韩国,斯旺西,29,1989-01-24,189,75,右脚,78,66,71,63,76,81,74
50251068,前锋,10,李昇祐,Lee Seung-Woo,韩国,维罗纳,20,1998-01-06,173,63,右脚,,,,,,,
50228207,前锋,11,黄喜灿,Hwang Hee-Chan,韩国,萨尔茨堡红牛,22,1996-01-26,177,70,右脚,64,79,56,25,69,57,61
50069741,前锋,7,孙兴慜,Son Heung-Min,韩国,托特纳姆热刺,25,1992-07-08,183,78,左右脚,81,86,65,25,81,74,81
50053204,前锋,9,金信煜,Kim Shin-Wook,韩国,全北现代,30,1988-04-14,196,93,,73,60,77,45,70,62,74
50075524,后卫,20,博亚塔,Dedryck Boyata,比利时,凯尔特人,27,1990-11-28,188,84,右脚,70,65,74,68,43,48,26
50065581,后卫,15,默尼耶,Thomas Meunier,比利时,巴黎圣日耳曼,26,1991-09-12,190,82,右脚,77,76,84,73,73,73,72
50049697,后卫,2,阿尔德韦雷尔德,Toby Alderweireld,比利时,托特纳姆热刺,29,1989-03-02,187,90,右脚,85,66,79,86,64,71,58
50001999,后卫,5,维尔通亨,Jan Vertonghen,比利时,托特纳姆热刺,31,1987-04-24,189,87,左脚,83,67,81,83,68,70,67
50001992,后卫,3,维尔马伦,Thomas Vermaelen,比利时,巴塞罗那,32,1985-11-14,183,80,左脚,81,68,75,80,59,67,61
50001831,后卫,4,孔帕尼,Vincent Kompany,比利时,曼城,32,1986-04-10,190,85,右脚,86,69,81,86,65,62,54
50190378,中场,17,蒂勒芒斯,Youri Tielemans,比利时,摩纳哥,21,1997-05-07,176,72,,79,60,70,68,77,78,79
50188503,中场,18,贾努扎伊,Adnan Januzaj,比利时,皇家社会,23,1995-02-05,186,76,左脚,76,81,52,21,81,74,64
50137526,中场,23,登东克尔,Leander Dendoncker,比利时,安德莱赫特,23,1995-04-15,188,83,,78,69,83,76,68,75,68
50103863,中场,11,卡拉斯科,Yannick Carrasco,比利时,大连一方,24,1993-09-04,181,73,左右脚,85,88,64,29,87,77,78
50102282,中场,16,索尔根-阿扎尔,Thorgan Hazard,比利时,门兴格拉德巴赫,25,1993-03-29,174,69,左右脚,81,81,64,35,84,77,78
50055255,中场,7,德布劳内,Kevin De Bruyne,比利时,曼城,26,1991-06-28,181,68,右脚,88,77,75,40,84,86,83
50035204,中场,22,沙兹利,Nacer Chadli,比利时,西布朗,28,1989-08-02,187,80,右脚,78,77,77,45,78,75,77
50010311,中场,6,维特塞尔,Axel Witsel,比利时,天津权健,29,1989-01-12,186,73,右脚,82,71,80,73,82,77,74
50010302,中场,8,费莱尼,Marouane Fellaini,比利时,曼联,30,1987-11-22,194,85,右脚,78,55,90,78,73,69,73
50002005,中场,19,登贝莱,Mousa Dembélé,比利时,托特纳姆热刺,30,1987-07-16,185,87,左脚,82,77,84,73,83,75,72
50114433,前锋,21,巴舒亚伊,Michy Batshuayi,比利时,多特蒙德,24,1993-10-02,184,88,右脚,81,83,73,27,79,59,80
50055783,前锋,9,卢卡库,Romelu Lukaku,比利时,曼联,25,1993-05-13,190,93,左脚,84,82,84,34,74,66,82
50035205,前锋,14,梅尔滕斯,Dries Mertens,比利时,那不勒斯,31,1987-05-06,169,61,右脚,83,89,55,36,87,78,75
50028717,前锋,10,阿扎尔,Eden Hazard,比利时,切尔西,27,1991-01-07,173,76,左右脚,88,90,66,32,92,83,81
50224883,后卫,2,迈克尔-穆里略,M. Murillo,巴拿马,纽约红牛,22,1996-02-11,183,75,右脚,,,,,,,
50188792,后卫,4,埃斯科巴,F. Escobar,巴拿马,纽约红牛,23,1995-01-09,178,75,右脚,,,,,,,
50078451,后卫,17,奥瓦列,L. Ovalle,巴拿马,奥林匹亚,29,1988-09-07,178,72,左脚,,,,,,,
50059518,后卫,3,卡明斯,H. Cummings,巴拿马,圣何塞地震,26,1992-03-01,180,84,左脚,,,,,,,
50059516,后卫,15,埃里克-戴维斯,E. Davis,巴拿马,斯特里达,27,1991-03-31,179,77,左脚,,,,,,,
50051530,后卫,13,阿道弗-马查多,A. Machado,巴拿马,休斯敦迪纳摩,33,1985-02-14,183,72,,,,,,,,
50007795,后卫,5,罗曼-托雷斯,R. Torres,巴拿马,西雅图海湾人,32,1986-03-20,188,88,右脚,72,34,80,71,45,47,45
50007791,后卫,23,巴卢瓦,F. Baloy,巴拿马,,37,1981-02-24,184,92,,70,39,74,68,48,50,42
50240936,中场,21,何塞-罗德里格斯,José Rodriguez,巴拿马,,19,1998-06-19,,,右脚,,,,,,,
50218545,中场,14,皮门特尔,V. Pimentel,巴拿马,,27,1991-05-30,185,77,,66,78,60,20,67,64,62
50164005,中场,8,巴尔塞纳斯,Edgar Yoel Bárcenas,巴拿马,阿尔塔米拉,24,1993-10-23,177,76,,,,,,,,
50078410,中场,20,戈多伊,A. Godoy,巴拿马,圣何塞地震,28,1990-02-10,182,75,,,,,,,,
50065615,中场,19,金特罗,A. Quintero,巴拿马,秘鲁体育大学,30,1987-12-18,167,60,右脚,68,79,53,22,72,62,61
50059507,中场,11,阿曼多-库珀,A. Cooper,巴拿马,智利大学,30,1987-11-26,182,71,右脚,,,,,,,
50007798,中场,6,加布里埃尔-戈麦斯,G. Gómez,巴拿马,布卡拉曼加竞技,34,1984-05-29,183,82,右脚,,,,,,,
50169799,前锋,10,伊斯梅尔-迪亚斯,I. Díaz,巴拿马,拉科鲁尼亚B队,21,1997-05-12,182,77,右脚,,,,,,,
50108451,前锋,16,阿罗约,A. Arroyo,巴拿马,,24,1993-12-13,187,80,右脚,,,,,,,
50016504,前锋,9,加布里埃尔-托雷斯,G. Torres,巴拿马,瓦奇巴托,29,1988-10-31,180,78,右脚,,,,,,,
50007806,前锋,7,布拉斯-佩雷斯,B. Pérez,巴拿马,,37,1981-03-13,187,79,右脚,66,59,72,28,61,56,66
50005967,前锋,18,特哈达,L. Tejada,巴拿马,华恩斯体育生,36,1982-03-28,184,87,右脚,,,,,,,
50209491,后卫,11,布龙,D. Bronn,突尼斯,根特,22,1995-06-19,186,77,右脚,,,,,,,
50191104,后卫,21,纳格斯,H. Nagguez,突尼斯,扎马莱克,25,1992-10-28,195,,右脚,,,,,,,
50139858,后卫,6,贝杜维,R. Bedoui,突尼斯,沙希尔星,28,1990-01-19,,,右脚,,,,,,,
50090876,后卫,5,奥萨马-哈达迪,Oussama Haddadi,突尼斯,第戎,26,1992-01-28,184,79,左脚,,,,,,,
50090837,后卫,12,阿里-马鲁勒,A. Maâloul,突尼斯,开罗国民,28,1990-01-01,175,,右脚,,,,,,,
50074471,后卫,2,本-优素福,Ben Youssef,突尼斯,卡斯帕萨,29,1989-03-31,189,82,右脚,72,64,80,71,50,48,43
50017121,后卫,3,本-阿鲁阿内,Yohan Ben Alouane,突尼斯,莱斯特城,31,1987-03-28,185,86,右脚,75,67,77,75,54,57,39
50252965,中场,18,斯拉尔菲,Bassem Srarfi,突尼斯,尼斯,20,1997-06-25,176,71,左脚,,,,,,,
50229513,中场,20,沙拉利,G. Chalali,突尼斯,突尼斯希望,24,1994-02-28,,,右脚,,,,,,,
50222017,中场,14,本-阿莫尔,Mohamed Ben Amor,突尼斯,吉达国民,26,1992-05-03,,,右脚,,,,,,,
50208593,中场,4,梅里亚,Y. Meriah,突尼斯,斯法克西恩,24,1993-07-02,,,右脚,,,,,,,
50201511,中场,15,哈利勒,A. Khalil,突尼斯,非洲之鹰,23,1994-12-21,,,右脚,,,,,,,
50198571,中场,7,赛义夫-埃丁-哈维,Saif-Eddine Khaoui,突尼斯,特鲁瓦,23,1995-04-27,182,68,右脚,67,72,47,34,69,66,52
50179673,中场,17,斯希里,Ellyes Skhiri,突尼斯,蒙彼利埃,23,1995-05-10,185,69,,65,62,63,65,66,64,60
50124778,中场,13,萨西,F. Sassi,突尼斯,利雅得胜利,26,1992-03-18,186,80,右脚,66,72,68,59,68,67,46
50122387,中场,23,斯利蒂,Naim Sliti,突尼斯,第戎,25,1992-07-27,173,75,,71,76,70,37,75,67,66
50148802,前锋,8,本-优素福,F. Ben Youssef,突尼斯,达曼协作,26,1991-06-21,,,右脚,,,,,,,
50103499,前锋,9,巴德里,A. Badri,突尼斯,突尼斯希望,27,1990-09-18,,,,68,79,56,24,71,63,69
50051748,前锋,10,哈兹里,Wahbi Khazri,突尼斯,雷恩,27,1991-02-08,182,76,右脚,79,76,69,43,79,79,80
50038187,前锋,19,哈利法,S. Khalifa,突尼斯,非洲之鹰,31,1986-10-14,183,73,右脚,,,,,,,
50226787,后卫,22,亚历山大-阿诺德,Trent Alexander-Arnold,英格兰,利物浦,19,1998-10-07,175,69,右脚,68,82,65,60,65,67,56
50121183,后卫,5,斯通斯,John Stones,英格兰,曼城,24,1994-05-28,188,70,右脚,78,75,76,78,71,65,35
50117230,后卫,6,马奎尔,Harry Maguire,英格兰,莱斯特城,25,1993-03-05,194,100,右脚,72,47,81,71,51,53,35
50067545,后卫,12,特里皮尔,Kieran Trippier,英格兰,托特纳姆热刺,27,1990-09-19,178,71,右脚,77,78,73,74,72,73,56
50067498,后卫,16,菲尔-琼斯,Phil Jones,英格兰,曼联,26,1992-02-21,180,71,右脚,79,62,80,79,61,65,56
50048361,后卫,2,凯尔-沃克,Kyle Walker,英格兰,曼城,28,1990-05-28,178,70,右脚,82,90,81,79,75,73,63
50012300,后卫,3,丹尼-罗斯,Danny Rose,英格兰,托特纳姆热刺,27,1990-07-02,173,72,左脚,80,82,77,78,77,71,63
50002564,后卫,15,加里-卡希尔,Gary Cahill,英格兰,切尔西,32,1985-12-19,193,86,右脚,83,67,76,84,61,52,58
50002334,后卫,18,阿什利-扬,Ashley Young,英格兰,曼联,32,1985-07-09,175,65,左右脚,79,81,58,52,81,77,72
50174192,中场,21,洛夫图斯-奇克,Ruben Loftus-Cheek,英格兰,水晶宫,22,1996-01-23,191,88,右脚,68,70,68,64,67,60,54
50158052,中场,4,戴尔,Eric Dier,英格兰,托特纳姆热刺,24,1994-01-15,188,88,右脚,78,61,82,79,62,71,60
50140634,中场,7,林加德,Jesse Lingard,英格兰,曼联,25,1992-12-15,175,62,右脚,77,83,62,49,79,71,68
50139031,中场,20,阿里,Dele Alli,英格兰,托特纳姆热刺,22,1996-04-11,188,76,右脚,82,76,77,61,79,75,76
50038086,中场,17,德尔夫,Fabian Delph,英格兰,曼城,28,1989-11-21,174,60,左脚,78,78,74,68,82,74,69
50034386,中场,8,亨德森,Jordan Henderson,英格兰,利物浦,27,1990-06-17,182,67,右脚,81,74,80,73,78,81,70
50248475,前锋,19,拉什福德,Marcus Rashford,英格兰,曼联,20,1997-10-31,180,70,右脚,79,91,65,31,81,68,73
50104530,前锋,10,斯特林,R. Sterling,英格兰,曼城,23,1994-12-08,170,69,左右脚,84,93,61,46,86,74,71
50104088,前锋,11,瓦尔迪,Jamie Vardy,英格兰,莱斯特城,31,1987-01-11,179,74,右脚,82,93,79,54,77,63,80
50103468,前锋,9,哈里-凯恩,Harry Kane,英格兰,托特纳姆热刺,24,1993-07-28,188,90,右脚,84,73,81,42,78,71,84
50038645,前锋,14,维尔贝克,Danny Welbeck,英格兰,阿森纳,27,1990-11-26,185,73,,80,86,79,34,80,71,75
50175626,后卫,5,贝德纳雷克,Jan Bednarek,波兰,南安普顿,22,1996-04-12,189,77,右脚,61,69,64,62,46,35,22
50081590,后卫,18,巴托斯-贝雷辛斯基,Bartosz Bereszynski,波兰,桑普多利亚,25,1992-07-12,183,77,右脚,70,82,73,65,68,64,59
50043741,后卫,15,格利克,Kamil Glik,波兰,摩纳哥,30,1988-02-03,190,80,右脚,83,60,82,85,53,43,24
50030910,后卫,4,乔内克,Thiago Cionek,波兰,斯帕尔,32,1986-04-21,184,79,右脚,,,,,,,
50012684,后卫,20,皮什切克,Lukasz Piszczek,波兰,多特蒙德,33,1985-06-03,184,79,右脚,82,79,80,81,74,73,66
50009776,后卫,2,帕兹丹,Pazdan,波兰,华沙莱吉亚,30,1987-09-21,181,78,左右脚,75,59,79,74,57,60,45
50009559,后卫,3,耶杰伊奇克,Jedrzejczyk,波兰,华沙莱吉亚,30,1987-11-04,189,78,右脚,75,73,80,74,65,61,51
50165687,中场,21,拉法乌-库尔扎瓦,R. Kurzawa,波兰,扎布热矿工,25,1993-01-29,182,73,左脚,60,54,54,63,62,64,51
50136591,中场,8,利内蒂,Karol Linetty,波兰,桑普多利亚,23,1995-02-02,176,73,右脚,74,73,73,70,69,67,60
50132438,中场,6,古拉尔斯基,Jacek Goralski,波兰,卢多戈雷茨B队,25,1992-09-21,172,66,右脚,72,71,72,69,67,64,46
50104469,中场,19,泽林斯基,Piotr Zielinski,波兰,那不勒斯,24,1994-05-20,180,75,右脚,78,82,61,62,81,78,67
50066766,中场,10,克里霍维亚克,Grzegorz Krychowiak,波兰,西布朗,28,1990-01-29,186,83,右脚,84,70,87,81,67,73,58
50015816,中场,17,佩斯科,S. Peszko,波兰,格但斯克莱吉亚,33,1985-02-19,173,70,右脚,70,75,70,40,72,68,64
50015669,中场,13,雷布斯,Maciej Rybus,波兰,莫斯科火车头,28,1989-08-19,173,75,左脚,74,86,62,68,76,74,73
50012714,中场,16,库巴,Jakub Blaszczykowski,波兰,沃尔夫斯堡,32,1985-12-14,176,77,右脚,79,77,71,56,81,77,71
50175638,前锋,23,科夫纳茨基,Dawid Kownacki,波兰,桑普多利亚,21,1997-03-14,187,75,右脚,68,78,68,25,66,58,65
50126820,前锋,7,米利克,Arkadiusz Milik,波兰,那不勒斯,24,1994-02-28,186,78,左脚,79,74,73,37,71,62,82
50102722,前锋,14,特奥多切克,Lukasz Teodorczyk,波兰,安德莱赫特,27,1991-06-03,185,76,右脚,,,,,,,
50030207,前锋,9,莱万多夫斯基,Robert Lewandowski,波兰,拜仁慕尼黑,29,1988-08-21,185,79,右脚,90,81,82,38,85,74,87
50009578,前锋,11,格罗西茨基,Kamil Grosicki,波兰,赫尔城,29,1988-06-08,180,78,,77,88,59,32,76,73,75
50239487,后卫,22,瓦格,M. Wagué,塞内加尔,欧本,19,1998-10-04,177,70,右脚,,,,,,,
50118234,后卫,12,萨巴利,Youssouf Sabaly,塞内加尔,波尔多,25,1993-03-05,173,67,右脚,75,77,68,74,74,63,38
50109197,后卫,6,萨利夫-萨内,Salif Sané,塞内加尔,汉诺威96,27,1990-08-25,196,85,右脚,,,,,,,
50091651,后卫,3,库利巴利,Kalidou Koulibaly,塞内加尔,那不勒斯,26,1991-06-20,195,89,右脚,83,74,86,82,56,43,26
50082236,后卫,2,西斯,Saliou Ciss,塞内加尔,瓦朗谢讷,28,1989-09-15,175,70,,65,79,73,65,64,60,51
50030655,后卫,21,加萨马,L. Gassama,塞内加尔,阿拉尼亚体育,28,1989-10-20,181,74,右脚,72,67,70,72,58,64,39
50152350,中场,17,巴杜-恩迪亚耶,Badou Ndiaye,塞内加尔,斯托克城,27,1990-10-27,180,74,右脚,,,,,,,
50103531,中场,11,恩多耶,Cheikh Ndoye,塞内加尔,伯明翰,32,1986-03-29,192,90,,77,58,90,76,66,72,71
50081403,中场,4,卡拉,Kara,塞内加尔,安德莱赫特,28,1989-11-11,192,85,右脚,75,74,84,72,61,54,55
50066865,中场,5,格耶,Idrissa Gueye,塞内加尔,埃弗顿,28,1989-09-26,174,66,右脚,82,78,80,80,77,70,60
50038098,中场,8,库亚特,Cheikhou Kouyaté,塞内加尔,西汉姆联,28,1989-12-21,189,83,右脚,77,77,87,77,69,61,65
50028566,中场,13,阿尔弗雷德-恩迪亚耶,Alfred N'Diaye,塞内加尔,狼队,28,1990-03-06,187,82,右脚,79,69,85,78,67,65,54
50267479,前锋,18,伊斯梅拉-萨尔 ,Ismaila Sarr,塞内加尔,雷恩,20,1998-02-25,185,76,右脚,,,,,,,
50185148,前锋,20,凯塔-巴尔德,Keita,塞内加尔,摩纳哥,23,1995-03-08,181,80,左右脚,81,91,72,29,85,72,76
50129377,前锋,10,马内,Sadio Mané,塞内加尔,利物浦,26,1992-04-10,175,69,右脚,82,93,75,36,84,74,76
50125146,前锋,14,科纳特,Moussa Konaté,塞内加尔,亚眠,25,1993-04-03,181,78,右脚,,,,,,,
50105901,前锋,19,尼昂,M'Baye Niang,塞内加尔,都灵,23,1994-12-19,184,75,右脚,78,89,67,26,82,67,74
50062120,前锋,15,迪亚夫拉-萨科,Diafra Sakho,塞内加尔,雷恩,28,1989-12-24,184,79,右脚,76,79,74,31,73,58,73
50021179,前锋,9,马姆-迪乌夫,Mame Biram Diouf,塞内加尔,斯托克城,30,1987-12-16,185,79,右脚,78,87,77,42,68,56,76
50001378,前锋,7,索乌,Moussa Sow,塞内加尔,布尔萨体育,32,1986-01-19,180,76,右脚,,,,,,,
50186073,后卫,23,达文森-桑切斯,Davinson Sánchez,哥伦比亚,托特纳姆热刺,21,1996-06-12,187,81,右脚,79,69,82,79,59,50,47
50185560,后卫,13,米纳,Yerry Mina,哥伦比亚,巴塞罗那,23,1994-09-23,195,94,右脚,,,,,,,
50112840,后卫,17,莫希卡,Johan Mojica,哥伦比亚,赫罗纳,25,1992-08-21,185,66,左脚,72,92,79,63,71,68,61
50089381,后卫,18,法夫拉,F. Fabra,哥伦比亚,博卡青年,27,1991-02-22,172,72,左脚,75,88,80,70,75,58,52
50054020,后卫,4,阿里亚斯,Arias,哥伦比亚,PSV埃因霍温,26,1992-01-13,175,72,右脚,77,84,72,74,73,66,44
50052167,后卫,3,奥斯卡-穆里略,Óscar Murillo,哥伦比亚,帕丘卡,30,1988-04-18,184,84,左右脚,76,70,78,77,51,55,39
50003247,后卫,2,萨帕塔,Cristian Zapata,哥伦比亚,AC米兰,31,1986-09-30,187,82,右脚,78,67,80,81,54,46,32
50184993,中场,16,莱尔马,Jefferson Lerma,哥伦比亚,莱万特,23,1994-10-25,179,70,右脚,75,79,80,69,73,71,64
50153202,中场,5,维尔马尔-巴里奥斯,W. Barrios,哥伦比亚,博卡青年,24,1993-10-16,178,74,右脚,74,63,77,74,62,63,38
50145869,中场,15,乌里韦,Andrés Uribe,哥伦比亚,美洲,27,1991-03-21,182,71,右脚,70,73,78,67,66,69,52
50052486,中场,20,胡安-金特罗,Juan Quintero,哥伦比亚,河床,25,1993-01-18,168,64,左脚,79,76,45,28,84,80,71
50050944,中场,10,哈梅斯-罗德里格斯,James Rodríguez,哥伦比亚,拜仁慕尼黑,26,1991-07-12,180,75,左脚,87,76,68,40,85,85,85
50043944,中场,11,夸德拉多,Juan Cuadrado,哥伦比亚,尤文图斯,30,1988-05-26,179,72,右脚,83,92,68,58,88,75,76
50010478,中场,6,卡洛斯-桑切斯,Carlos Sánchez,哥伦比亚,西班牙人,32,1986-02-06,182,82,右脚,79,90,72,49,76,76,73
50003254,中场,8,阿吉拉尔,A. Aguilar,哥伦比亚,卡利体育,33,1985-01-06,185,82,右脚,,,,,,,
50124446,前锋,19,博尔哈,Borja,哥伦比亚,帕尔梅拉斯,25,1993-01-26,182,84,右脚,74,79,79,29,69,53,75
50077733,前锋,21,伊斯基耶多,José Izquierdo,哥伦比亚,布莱顿,25,1992-07-07,171,73,右脚,77,93,62,27,81,66,70
50058526,前锋,14,穆里尔,Luis Muriel,哥伦比亚,塞维利亚,27,1991-04-16,179,79,右脚,76,89,62,23,85,65,74
50052214,前锋,7,巴卡,Carlos Bacca,哥伦比亚,比利亚雷亚尔,31,1986-09-08,181,77,右脚,84,85,74,24,81,64,81
50015312,前锋,9,法尔考,Falcao,哥伦比亚,摩纳哥,32,1986-02-10,177,72,右脚,81,71,73,37,78,64,81
50123128,后卫,2,植田直通,Naomichi Ueda,日本,鹿岛鹿角,23,1994-10-24,186,79,,69,68,71,71,42,43,26
50114594,后卫,3,昌子源,Gen Shoji,日本,鹿岛鹿角,25,1992-12-11,182,74,,71,65,75,72,45,48,32
50082447,后卫,6,远藤航,W. Endo,日本,浦和红钻,25,1993-02-09,176,73,右脚,70,77,73,69,63,49,45
50052529,后卫,21,酒井高德,Gotoku Sakai,日本,汉堡,27,1991-03-14,176,74,左右脚,74,76,69,71,72,70,47
50052383,后卫,19,酒井宏树,Hiroki Sakai,日本,马赛,28,1990-04-12,183,70,右脚,73,76,71,71,66,66,47
50034722,后卫,5,长友佑都,Yuto Nagatomo,日本,加拉塔萨雷,31,1986-09-12,170,68,左右脚,75,84,69,71,72,67,54
50004688,后卫,22,吉田麻也,Maya Yoshida,日本,南安普顿,29,1988-08-24,189,78,右脚,73,66,74,74,62,48,41
50004570,后卫,20,槙野智章,Tomoaki Makino,日本,浦和红钻,31,1987-05-11,182,77,,74,68,76,73,66,62,34
50114886,中场,18,大岛僚太,R. Oshima,日本,川崎前锋,25,1993-01-23,168,64,右脚,69,82,59,64,72,68,64
50069478,中场,7,柴崎岳,Gaku Shibasaki,日本,赫塔费,26,1992-05-28,175,64,右脚,71,63,58,58,72,68,66
50052769,中场,16,山口萤,Hotaru Yamaguchi,日本,大阪樱花,27,1990-10-06,173,72,右脚,69,76,61,60,73,64,47
50052655,中场,11,宇佐美贵史,Takashi Usami,日本,杜塞尔多夫,26,1992-05-06,180,77,右脚,77,78,49,30,80,74,73
50052335,中场,8,原口元气,Genki Haraguchi,日本,杜塞尔多夫,27,1991-05-09,177,68,右脚,75,84,45,36,81,67,62
50018388,中场,10,香川真司,Shinji Kagawa,日本,多特蒙德,29,1989-03-17,175,68,左右脚,83,79,49,35,87,75,68
50004682,中场,4,本田圭佑,Keisuke Honda,日本,帕丘卡,31,1986-06-13,182,74,左脚,81,76,67,48,82,81,73
50004344,中场,14,乾贵士,Takashi Inui,日本,埃瓦尔,30,1988-06-02,169,63,右脚,75,78,42,26,84,71,63
50004292,中场,17,长谷部诚,Makoto Hasebe,日本,法兰克福,34,1984-01-18,180,72,右脚,75,67,71,72,71,74,52
50102421,前锋,13,武藤嘉纪,Yoshinori Muto,日本,美因茨,25,1992-07-15,179,72,右脚,75,78,59,30,78,68,73
50052329,前锋,15,大迫勇也,Yuya Osako,日本,科隆,28,1990-05-18,182,71,右脚,73,74,62,35,77,62,67
50004619,前锋,9,冈崎慎司,Shinji Okazaki,日本,莱斯特城,32,1986-04-16,174,70,右脚,77,76,74,43,78,65,74
